Blue tag ID #,QUBR ID,Locality,N,W,Elevation (m),DBH (cm),Height (m),Leaf sample taken?,Pic tree?,Pic env?,Initials of recorder,Date,Notes/comments,Initials of Transcriber,Transcriber notes/comments,Double Checked?
729,EC_0001,EC,23.439657,109.805685,186,52.2,N/A,Y,Y,Y,AMH,11/12/2024,,DTB,,TRUE
704,EC_0002,EC,23.439079,109.804097,221,,N/A,Y,Y,Y,AMH,11/12/2024,Already blue and silver tags (DT #26),DTB,no dbh recorded,TRUE
730,EC_0003,EC,23.438901,109.803897,181,91.3,N/A,Y,Y,Y,AMH,11/12/2024,"No silver tag, Daniel thinks bc there clearly used to be bees\",DTB,,TRUE
731,EC_0004,EC,23.438947,109.804210,178,,N/A,Y,Y,Y,AMH,11/12/2024,DT #27,DTB,no dbh recorded,TRUE
732,EC_0005,EC,23.438708,109.803821,136,70.2,N/A,Y,Y,Y,AMH,11/12/2024,"no silver tag, unsure why; DBH2 = 38.7",DTB,,TRUE
860,EC_0006,EC,23.439233,109.803515,322,41.2,N/A,Y,Y,Y,AMH,12/05/2024,DT #24,DTB,,TRUE
861,EC_0007,EC,23.439211,109.803598,143,25.8,N/A,Y,Y,Y,AMH,12/05/2024,,DTB,,TRUE
862,EC_0008,EC,23.439211,109.803598,143,37.2,N/A,Y,Y,Y,AMH,12/05/2024,prob connected w/ 0008 (861),DTB,,TRUE
863,EC_0009,EC,23.439239,109.803614,186,40.7,N/A,Y,Y,Y,AMH,12/05/2024,,DTB,,TRUE
864,EC_0010,EC,23.439200,109.803509,225,36,N/A,Y,Y,Y,AMH,12/05/2024,,DTB,,TRUE
865,EC_0011,EC,23.439184,109.803736,198,57.7,N/A,Y,Y,Y,AMH,12/05/2024,DBH2: 91,DTB,,TRUE
866,EC_0012,EC,23.439248,109.803739,188,37,N/A,Y,Y,Y,AMH,12/05/2024,,DTB,,TRUE
867,EC_0013,EC,23.438827,109.803590,223,57.6,N/A,Y,Y,Y,AMH,12/05/2024,,DTB,,TRUE
868,EC_0014,EC,23.438819,109.803611,,48.5,N/A,Y,Y,Y,AMH,12/05/2024,no dbh recorded,DTB,,TRUE
869,EC_0015,EC,23.439121,109.803679,123,72,N/A,Y,Y,Y,AMH,12/05/2024,,DTB,,TRUE
870,EC_0016,EC,23.439069,109.803385,215,62.8,N/A,Y,Y,Y,AMH,12/05/2024,,DTB,,TRUE
871,EC_0017,EC,23.439282,109.803551,291,44.2,N/A,Y,Y,Y,AMH,12/05/2024,,DTB,,TRUE
872,EC_0018,EC,23.439467,109.803336,196,120.4,N/A,Y,Y,Y,AMH,12/05/2024,,DTB,,TRUE
873,EC_0019,EC,23.439674,109.803473,169,63.3,N/A,Y,Y,Y,AMH,12/05/2024,"DT #20, found cryptostegia (sm) near this tree",DTB,,TRUE
874,EC_0020,EC,23.439650,109.803230,188,82,N/A,Y,Y,Y,AMH,12/05/2024,DT #19,DTB,,TRUE
875,EC_0021,EC,23.439611,109.803013,184,90.8,N/A,Y,Y,Y,AMH,12/05/2024,,DTB,,TRUE
876,EC_0022,EC,23.439552,109.439552,230,50.8,N/A,Y,Y,Y,AMH,12/05/2024,,DTB,W was recorded as 109.439552 but I assume this is wrong- it is not in the same area as the surrounding coordinates and the decimal digits are the same as the N coordinate (23.439552). I think it was recorded from the GPS unit incorrectly,TRUE
877,EC_0023,EC,23.439598,109.803047,238,70.4,N/A,Y,Y,Y,AMH,12/05/2024,,DTB,,TRUE
878,EC_0024,EC,23.439458,109.802674,165,58,N/A,Y,Y,Y,AMH,12/05/2024,,DTB,,TRUE
879,EC_0025,EC,23.439509,109.802706,203,71.5,N/A,Y,Y,Y,AMH,12/05/2024,,DTB,,TRUE
880,EC_0026,EC,23.439509,109.802706,203,63.8,N/A,Y,Y,Y,AMH,12/05/2024,DBH2: 56.5,DTB,,TRUE
881,EC_0027,EC,23.439797,109.802659,237,73.2,N/A,Y,Y,Y,AMH,12/05/2024,DT #18,DTB,,TRUE
882,EC_0028,EC,23.439959,109.802490,207,92.5,N/A,Y,Y,Y,AMH,12/05/2024,,DTB,,TRUE
883,EC_0029,EC,23.439982,109.802151,240,97.9,N/A,Y,Y,Y,AMH,12/05/2024,DBH2: 68.0,DTB,,TRUE
884,EC_0030,EC,23.439948,109.801714,218,69.6,N/A,Y,Y,Y,AMH,12/05/2024,,DTB,,TRUE
885,EC_0031,EC,23.439835,109.801558,191,111.5,N/A,Y,Y,Y,AMH,12/05/2024,,DTB,,TRUE
705,EC_0032,EC,23.439963,109.801302,243,,N/A,Y,Y,Y,AMH,12/05/2024,DT #15,DTB,no dbh recorded,TRUE
886,EC_0033,EC,23.439798,109.800995,210,57,N/A,Y,Y,Y,AMH,12/05/2024,,DTB,,TRUE
887,EC_0034,EC,23.439734,109.801498,221,62,N/A,Y,Y,Y,AMH,12/05/2024,,DTB,,TRUE
888,EC_0035,EC,23.439573,109.801563,177,25.2,N/A,Y,Y,Y,AMH,12/05/2024,"looks like a fallen trunk, next is maybe a buried branch",DTB,,TRUE
889,EC_0036,EC,23.439560,109.801437,213,16.1,N/A,Y,Y,Y,AMH,12/05/2024,,DTB,,TRUE
890,EC_0037,EC,23.439319,109.801255,191,65.8,N/A,Y,Y,Y,AMH,12/05/2024,DT #16,DTB,,TRUE
891,EC_0038,EC,23.439406,109.801596,179,52.9,N/A,Y,Y,Y,AMH,12/05/2024,,DTB,,TRUE
892,EC_0039,EC,23.439520,109.801604,231,55.3,N/A,Y,Y,Y,AMH,12/05/2024,,DTB,,TRUE
893,EC_0040,EC,23.439567,109.801827,187,46.4,N/A,Y,Y,Y,AMH,12/05/2024,,DTB,,TRUE
894,EC_0041,EC,23.439405,109.801868,210,32,N/A,Y,Y,Y,AMH,12/05/2024,,DTB,,TRUE
895,EC_0042,EC,23.439373,109.801809,223,55.3,N/A,Y,Y,Y,AMH,12/05/2024,,DTB,,TRUE
896,EC_0043,EC,23.439483,109.801929,232,68.1,N/A,Y,Y,Y,AMH,12/05/2024,"note: further back from main arroyo, I can see at least 2 more trees that we don't have time to collect",DTB,,TRUE
897,EC_0044,EC,23.439407,109.802148,236,41.7,N/A,Y,Y,Y,AMH,12/05/2024,DBH2: 46.7,DTB,,TRUE
898,EC_0045,EC,23.439295,109.801944,213,58,N/A,Y,Y,Y,AMH,12/05/2024,,DTB,,TRUE
899,EC_0046,EC,23.439374,109.802174,185,62.1,N/A,Y,Y,Y,AMH,12/05/2024,used to have second trunk but clearly chopped down,DTB,,TRUE
900,EC_0047,EC,23.440851,109.800462,182,68.3,N/A,Y,Y,Y,AMH,12/05/2024,DBH2: 59.9,DTB,,TRUE
901,EC_0048,EC,23.440496,109.800381,198,86.2,N/A,Y,Y,Y,AMH,12/05/2024,,DTB,,TRUE
902,EC_0049,EC,23.440559,109.800500,186,37.5,N/A,Y,Y,Y,AMH,12/05/2024,,DTB,,TRUE
903,EC_0050,EC,23.441068,109.800491,202,15,N/A,Y,Y,Y,AMH,12/05/2024,DBH2: 6.0,DTB,,TRUE
904,EC_0051,EC,23.441022,109.800155,138,73.1,N/A,Y,Y,Y,AMH,12/04/2024,,DTB,,TRUE
905,EC_0052,EC,23.442155,109.797267,187,116,N/A,Y,Y,Y,AMH,12/04/2024,,DTB,,TRUE
906,EC_0053,EC,23.442266,109.797644,179,63,N/A,Y,Y,Y,AMH,12/04/2024,,DTB,,TRUE
907,EC_0054,EC,23.441743,109.798035,189,67,N/A,Y,Y,Y,AMH,12/04/2024,,DTB,,TRUE
908,EC_0055,EC,23.441633,109.798169,193,N/A,N/A,Y,Y,Y,AMH,12/04/2024,huge tree but behind fence so can't get dbh,DTB,,TRUE
N/A,EC_0056,EC,23.442096,109.798197,190,N/A,N/A,Y,Y,Y,AMH,12/04/2024,"behind fence, no BTor DBH, another behind this, can't get leaves",DTB,,TRUE
909,EC_0057,EC,23.441886,109.798615,177,58,N/A,Y,Y,Y,AMH,12/04/2024,one accross arroyo from here but totally behind fence,DTB,,TRUE
910,EC_0058,EC,23.442039,109.800315,223,67.1,N/A,Y,Y,Y,AMH,12/04/2024,,DTB,,TRUE
911,EC_0059,EC,23.442547,109.799745,163,90.7,N/A,Y,Y,Y,AMH,12/04/2024,,DTB,,TRUE
912,EC_0060,EC,23.442377,109.79995,174,61.9,N/A,Y,Y,Y,AMH,12/04/2024,,DTB,W coordinates are maybe missing a digit?,TRUE
913,EC_0061,EC,23.442377,109.799995,174,52.8,N/A,Y,Y,Y,AMH,12/04/2024,,DTB,,TRUE
914,EC_0062,EC,23.442354,109.800102,174,69,N/A,Y,Y,Y,AMH,12/04/2024,,DTB,,TRUE
915,EC_0063,EC,23.440135,109.803502,161,106.5,N/A,Y,Y,Y,AMH,12/04/2024,,DTB,,TRUE
916,EC_0064,EC,23.439906,109.803847,204,43,N/A,Y,Y,Y,AMH,12/04/2024,DBH2: 37.6,DTB,,TRUE
917,EC_0065,EC,23.439942,109.803866,196,42,N/A,Y,Y,Y,AMH,12/04/2024,,DTB,,TRUE
918,EC_0066,EC,23.439942,109.803866,196,38.8,N/A,Y,Y,Y,AMH,12/04/2024,,DTB,,TRUE
919,EC_0067,EC,23.443281,109.789368,184,40.3,N/A,Y,Y,Y,AMH,12/08/2024,start near road sampling,DTB,,TRUE
920,EC_0068,EC,23.443320,109.789301,176,53.6,N/A,Y,Y,Y,AMH,12/08/2024,,DTB,,TRUE
921,EC_0069,EC,23.443233,109.789359,188,58,N/A,Y,Y,Y,AMH,12/08/2024,,DTB,,TRUE
922,EC_0070,EC,23.443286,109.789207,185,37,N/A,Y,Y,Y,AMH,12/08/2024,,DTB,,TRUE
923,EC_0071,EC,23.443428,109.789130,211,33.7,N/A,Y,Y,Y,AMH,12/08/2024,,DTB,,TRUE
924,EC_0072,EC,23.443359,109.789301,164,52,N/A,Y,Y,Y,AMH,12/08/2024,,DTB,,TRUE
925,EC_0073,EC,23.443084,109.788823,149,87,N/A,Y,Y,Y,AMH,12/08/2024,2 more trees w/in the fence near this tree,DTB,,TRUE
926,EC_0074,EC,23.442696,109.788853,183,88.7,N/A,Y,Y,Y,AMH,12/08/2024,,DTB,,TRUE
927,EC_0075,EC,23.442896,109.788755,175,12.8,N/A,Y,Y,Y,AMH,12/08/2024,DBH2: 22.4,DTB,,TRUE
928,EC_0076,EC,23.442926,109.788424,194,69.5,N/A,Y,Y,Y,AMH,12/08/2024,coordinates in middle of the 3 trunks,DTB,,TRUE
929,EC_0077,EC,23.442926,109.788424,194,34.8,N/A,Y,Y,Y,AMH,12/08/2024,,DTB,,TRUE
930,EC_0078,EC,23.442926,109.788424,194,51,N/A,Y,Y,Y,AMH,12/08/2024,,DTB,,TRUE
931,EC_0079,EC,23.442940,109.787906,173,27.4,N/A,Y,Y,Y,AMH,12/08/2024,,DTB,,TRUE
N/A,EC_0080,EC,23.442940,109.787906,,N/A,N/A,Y,Y,Y,AMH,12/08/2024,v close to 931 but behind fence,DTB,elevation not recorded,TRUE
932,EC_0081,EC,23.443157,109.787650,172,43.5,N/A,Y,Y,Y,AMH,12/08/2024,"DBH2: 32.4, DBH3: 36.0",DTB,,TRUE
N/A,EC_0082,EC,23.443115,109.787114,164,N/A,N/A,Y,Y,Y,AMH,12/08/2024,one more behind fence with a lot of sprouts but fucking huge,DTB,,TRUE
933,EC_0083,EC,23.443083,109.786958,179,72.2,N/A,Y,Y,Y,AMH,12/08/2024,"DBH2: 37, connected by roots in a pretty clear way",DTB,,TRUE
934,EC_0084,EC,23.443703,109.786777,175,33.2,N/A,Y,Y,Y,AMH,12/08/2024,start copse of trees with small DBH,DTB,,TRUE
935,EC_0085,EC,23.443736,109.786631,155,22.5,N/A,Y,Y,Y,AMH,12/08/2024,,DTB,,TRUE
936,EC_0086,EC,23.443736,109.786631,155,20,N/A,Y,Y,Y,AMH,12/08/2024,DBH2: 15.1,DTB,,TRUE
937,EC_0087,EC,23.443786,109.786605,108,25.6,N/A,Y,Y,Y,AMH,12/08/2024,,DTB,,TRUE
938,EC_0088,EC,23.443786,109.786605,108,19.4,N/A,Y,Y,Y,AMH,12/08/2024,,DTB,,TRUE
940,EC_0089,EC,23.443654,109.786600,176,25.2,N/A,Y,Y,Y,AMH,12/08/2024,,DTB,,TRUE
941,EC_0090,EC,23.443654,109.786600,176,20.8,N/A,Y,Y,Y,AMH,12/08/2024,,DTB,,TRUE
942,EC_0091,EC,23.443621,109.786547,168,21.5,N/A,Y,Y,Y,AMH,12/08/2024,,DTB,,TRUE
943,EC_0092,EC,23.443763,109.786607,175,27.5,N/A,Y,Y,Y,AMH,12/08/2024,,DTB,,TRUE
944,EC_0093,EC,23.443763,109.786607,175,25.6,N/A,Y,Y,Y,AMH,12/08/2024,,DTB,,TRUE
945,EC_0094,EC,23.443727,109.786519,168,20.5,N/A,Y,Y,Y,AMH,12/08/2024,,DTB,,TRUE
946,EC_0095,EC,23.443727,109.786519,168,21,N/A,Y,Y,Y,AMH,12/08/2024,,DTB,,TRUE
947,EC_0096,EC,23.443824,109.786617,N/A,74.2,N/A,Y,Y,Y,AMH,12/08/2024,in an arroyito,DTB,,TRUE
948,EC_0097,EC,23.443813,109.786409,159,36,N/A,Y,Y,Y,AMH,12/08/2024,,DTB,,TRUE
949,EC_0098,EC,23.443929,109.786392,168,44,N/A,Y,Y,Y,AMH,12/08/2024,,DTB,,TRUE
950,EC_0099,EC,23.443906,109.786111,182,50.5,N/A,Y,Y,Y,AMH,12/08/2024,,DTB,,TRUE
951,EC_0100,EC,23.443906,109.786111,182,43.2,N/A,Y,Y,Y,AMH,12/08/2024,,DTB,,TRUE
952,EC_0101,EC,23.443626,109.785885,154,70.2,N/A,Y,Y,Y,AMH,12/08/2024,,DTB,,TRUE
953,EC_0102,EC,23.443626,109.785885,154,51.1,N/A,Y,Y,Y,AMH,12/08/2024,,DTB,,TRUE
954,EC_0103,EC,23.443840,109.785970,178,79.4,N/A,Y,Y,Y,AMH,12/08/2024,"DBH2: 49.0, DBH3: 33.7, main trunk seems to have fallen, can't get great DBH",DTB,,TRUE
955,EC_0104,EC,23.442223,109.785704,204,86,N/A,Y,Y,Y,AMH,12/08/2024,,DTB,,TRUE
956,EC_0105,EC,23.442099,109.785860,163,41.3,N/A,Y,Y,Y,AMH,12/08/2024,at least 1 more away from arroyo behind fence,DTB,,TRUE
957,EC_0106,EC,23.442008,109.788803,157,77,N/A,Y,Y,Y,AMH,12/08/2024,,DTB,,TRUE
958,EC_0107,EC,23.443115,109.790323,320 (no),130.5,N/A,Y,Y,Y,AMH,12/08/2024,,DTB,,TRUE
959,EC_0108,EC,23.443178,109.789766,128,80.5,N/A,Y,Y,Y,AMH,12/08/2024,,DTB,,TRUE
960,EC_0109,EC,23.442835,109.789457,215,53.9,N/A,Y,Y,Y,AMH,12/08/2024,DBH2: 68.9,DTB,,TRUE
939,N/A,EC,23.443654,109.786600,176,25.7,N/A,N,Y,Y,AMH,12/08/2024,no leaves low enough to get ,DTB,,TRUE
691,LB_0001,LB,23.501804,110.065038,549,79.5,N/A,Y,Y,Y,AMH,11/19/2024,"phone GPS: 23.5018360, -110.0652040",DTB,,TRUE
768,LB_0002,LB,23.501004,110.064305,566,50,N/A,Y,Y,Y,AMH,11/19/2024,"phone GPS: 23.5011408, -110.0646504, DBH2 = 34, DBH3 = 36.5",DTB,,TRUE
769,LB_0003,LB,23.500588,110.064682,558,37.5,N/A,Y,Y,Y,AMH,11/19/2024,"phone GPS: 23.5010504, -110.0646538, DBH2 = 39.3, DBH3 = 35.5, DBH4 = 33.3",DTB,,TRUE
771,LB_0004,LB,23.501223,110.064289,475,27.2,N/A,Y,Y,Y,AMH,11/19/2024,"phone GPS: 23.5012512, -110.0642528",DTB,,TRUE
770,LB_0005,LB,23.501353,110.064307,483,45.1,N/A,Y,Y,Y,AMH,11/19/2024,"phone GPS: 23.5013499, -110.0642511",DTB,,TRUE
772,LB_0006,LB,23.500330,110.063831,447,35.2,N/A,Y,Y,Y,AMH,11/19/2024,"phone GPS: 23.5002688, -110.0638666, DT = 8",DTB,,TRUE
773,LB_0007,LB,23.500272,110.063575,466,66.4,N/A,Y,Y,Y,AMH,11/19/2024,"phone GPS: 23.5002073, -110.0637231, DT = 9",DTB,,TRUE
774,LB_0008,LB,23.500214,110.063442,472,36.2,N/A,Y,Y,Y,AMH,11/19/2024,"phone GPS: 23.5002762, -110.0635363, DBH2 = 49",DTB,,TRUE
775,LB_0009,LB,23.500201,110.063418,467,54.3,N/A,Y,Y,Y,AMH,11/19/2024,"phone GPS: 23.500192, -110.0635048, no DT b/c considered same tree as 773",DTB,,TRUE
776,LB_0010,LB,23.500051,110.063283,453,50.3,N/A,Y,Y,Y,AMH,11/19/2024,"phone GPS: 23.4999758, -110.0634220, DBH2 = 58.2, DBH3 = 47.3, DBH4 = 43.2, DT = 10",DTB,,TRUE
690,LB_0011,LB,23.499768,110.063178,455,63.4,N/A,Y,Y,Y,AMH,11/19/2024,"phone GPS: 23.4997916, -110.0630813, DT = 7",DTB,,TRUE
777,LB_0012,LB,23.499854,110.062857,428,46.2,N/A,Y,Y,Y,AMH,11/19/2024,"phone GPS: 23.4997870, -110.0630012, DT = 6",DTB,,TRUE
778,LB_0013,LB,23.499757,110.062854,442,33.1,N/A,Y,Y,Y,AMH,11/19/2024,"phone GPS: 23.4997873, -110. 0629110, DBH2 = 26.4",DTB,,TRUE
779,LB_0014,LB,23.499797,110.062823,441,36.2,N/A,Y,Y,Y,AMH,11/19/2024,"phone GPS: 23.4997673, -110.0629234",DTB,,TRUE
780,LB_0015,LB,23.499784,110.062698,445,49.9,N/A,Y,Y,Y,AMH,11/19/2024,"phone GPS: 23.4997240, -110.0629050",DTB,,TRUE
781,LB_0016,LB,23.499493,110.062696,378,63.4,N/A,Y,Y,Y,AMH,11/19/2024,"phone GPS: 23.4995530, -110.0629891",DTB,,TRUE
782,LB_0017,LB,23.499380,110.063085,438,38.1,N/A,Y,Y,Y,AMH,11/19/2024,"phone GPS: 23.4995718, -110.0629305",DTB,,TRUE
783,LB_0018,LB,23.499521,110.062920,464,37.6,N/A,Y,Y,Y,AMH,11/19/2024,"phone GPS: 23.4993867, -110.0629942",DTB,,TRUE
784,LB_0019,LB,23.499308,110.063079,478,32,N/A,Y,Y,Y,AMH,11/19/2024,"phone GPS: 23.4992978, -110.0630079, DBH2 = 25",DTB,,TRUE
785,LB_0020,LB,23.499416,110.063171,489,37.3,N/A,Y,Y,Y,AMH,11/19/2024,"phone GPS: 23.4995539, -110.0628125",DTB,,TRUE
786,LB_0021,LB,23.499496,110.063045,467,N/A,N/A,Y,Y,Y,AMH,11/19/2024,"phone GPS: 23.4994217, -110.0627752, can't get DBH b/c bees!",DTB,,TRUE
787,LB_0022,LB,23.499314,110.062737,468,69.9,N/A,Y,Y,Y,AMH,11/19/2024,"phone GPS: 23.4992545, -110. 0627954, DT = 5",DTB,,TRUE
788,LB_0023,LB,23.499019,110.062928,455,53,N/A,Y,Y,Y,AMH,11/19/2024,"phone GPS: 23.4990202, -1100627870, DBH2 = 66.3",DTB,,TRUE
789,LB_0024,LB,23.498290,110.062582,473,93,N/A,Y,Y,Y,AMH,11/19/2024,"phone GPS: 23.4985156, -110.0627122",DTB,,TRUE
790,LB_0025,LB,23.498597,110.062652,490,35.4,N/A,Y,Y,Y,AMH,11/19/2024,"phone GPS: 23.4985630, -110.0625804",DTB,,TRUE
791,LB_0026,LB,23.498326,110.062370,450,25.7,N/A,Y,Y,Y,AMH,11/19/2024,phone GPS: 23.4983394,DTB,,TRUE
792,LB_0027,LB,23.498202,110.062322,452,28.3,N/A,Y,Y,Y,AMH,11/19/2024,"phone GPS: 23.4982841, -110.062209",DTB,,TRUE
793,LB_0028,LB,23.498260,110.061801,442,39.4,N/A,Y,Y,Y,AMH,11/19/2024,leaves from root shoots b/c no low branches but no other trunk shoots could be from,DTB,,TRUE
794,LB_0029,LB,23.498227,110.062071,461,31.6,N/A,Y,Y,Y,AMH,11/19/2024,DBH2 = 25.8,DTB,,TRUE
795,LB_0030,LB,23.498067,110.062503,510,49,N/A,Y,Y,Y,AMH,11/19/2024,,DTB,,TRUE
796,LB_0031,LB,23.497647,110.061805,393 (no way),65,N/A,Y,Y,Y,AMH,11/19/2024,DBH2 = 79,DTB,,TRUE
797,LB_0032,LB,23.497462,110.061775,471,33.3,N/A,Y,Y,Y,AMH,11/19/2024,DBH2 = 57.3,DTB,,TRUE
798,LB_0033,LB,23.497929,110.061803,377 (no way),45.3,N/A,Y,Y,Y,AMH,11/19/2024,,DTB,,TRUE
799,LB_0034,LB,23.497625,110.061713,446,38.1,N/A,Y,Y,Y,AMH,11/19/2024,DBH2 = 40.2,DTB,,TRUE
800,LB_0035,LB,23.497705,110.061767,481,69.1,N/A,Y,Y,Y,AMH,11/19/2024,DT = 3,DTB,,TRUE
801,LB_0036,LB,23.497590,110.061697,444,47.2,N/A,Y,Y,Y,AMH,11/19/2024,DT = 1,DTB,,TRUE
802,LB_0037,LB,23.497620,110.061697,441,18.2,N/A,Y,Y,Y,AMH,11/19/2024,,DTB,,TRUE
803,LB_0038,LB,23.497356,110.062046,520,23.6,N/A,Y,Y,Y,AMH,11/19/2024,DBH2 = 21.8,DTB,,TRUE
804,LB_0039,LB,23.497356,110.062046,520,44.7,N/A,Y,Y,Y,AMH,11/19/2024,same coordinates/elevation as previous; DBH2 = 27.9,DTB,,TRUE
805,LB_0040,LB,23.497679,110.061794,441,89.5,N/A,Y,Y,Y,AMH,11/19/2024,,DTB,,TRUE
806,LB_0041,LB,23.497501,110.061743,495,25.6,N/A,Y,Y,Y,AMH,11/19/2024,,DTB,,TRUE
807,LB_0042,LB,23.497503,110.061675,470,52.7,N/A,Y,Y,Y,AMH,11/19/2024,,DTB,,TRUE
808,LB_0043,LB,23.497330,110.061751,484,35.5,N/A,Y,Y,Y,AMH,11/19/2024,,DTB,,TRUE
809,LB_0044,LB,23.497271,110.061591,498,73.7,N/A,Y,Y,Y,AMH,11/19/2024,DBH2 = 66,DTB,,TRUE
810,LB_0045,LB,23.497212,110.061515,506,38.8,N/A,Y,Y,Y,AMH,11/19/2024,,DTB,,TRUE
811,LB_0046,LB,23.497210,110.061506,434,85,N/A,Y,Y,Y,AMH,11/19/2024,,DTB,,TRUE
812,LB_0047,LB,23.497181,110.061644,479,25,N/A,Y,Y,Y,AMH,11/19/2024,,DTB,,TRUE
813,LB_0048,LB,23.497116,110.061745,491,29.4,N/A,Y,Y,Y,AMH,11/19/2024,,DTB,,TRUE
814,LB_0049,LB,23.497361,110.061824,467,27.4,N/A,Y,Y,Y,AMH,11/19/2024,,DTB,,TRUE
815,LB_0050,LB,23.497194,110.061763,458,49,N/A,Y,Y,Y,AMH,11/19/2024,,DTB,,TRUE
816,LB_0051,LB,23.496999,110.061962,463,69.5,N/A,Y,Y,Y,AMH,11/19/2024,,DTB,,TRUE
817,LB_0052,LB,23.497095,110.061347,342 (no),25.5,N/A,Y,Y,Y,AMH,11/20/2024,DBH2 = 65.3,DTB,,TRUE
818,LB_0053,LB,23.496962,110.061515,387,28.5,N/A,Y,Y,Y,AMH,11/20/2024,,DTB,,TRUE
819,LB_0054,LB,23.496771,110.061549,377,28.1,N/A,Y,Y,Y,AMH,11/20/2024,,DTB,,TRUE
820,LB_0055,LB,23.496626,110.061647,398,43.7,N/A,Y,Y,Y,AMH,11/20/2024,"DBH2 = 57.3, DBH3 = 58.9",DTB,,TRUE
821,LB_0056,LB,23.496554,110.061547,397,65.1,N/A,Y,Y,Y,AMH,11/20/2024,DBH2 = 34.4,DTB,,TRUE
822,LB_0057,LB,23.496313,110.061705,419,38,N/A,Y,Y,Y,AMH,11/20/2024,DBH2 = 5.8,DTB,,TRUE
823,LB_0058,LB,23.496760,110.061931,487,80.9,N/A,Y,Y,Y,AMH,11/20/2024,missed nearby tree b/c had bees in trunk,DTB,,TRUE
824,LB_0059,LB,23.496724,110.062021,482,71.1,N/A,Y,Y,Y,AMH,11/20/2024,DBH2 = 30.8,DTB,,TRUE
825,LB_0060,LB,23.496228,110.062046,482,48.3,N/A,Y,Y,Y,AMH,11/20/2024,,DTB,,TRUE
826,LB_0061,LB,23.496241,110.062239,462,68.1,N/A,Y,Y,Y,AMH,11/20/2024,,DTB,,TRUE
827,LB_0062,LB,23.496241,110.062239,462,23.7,N/A,Y,Y,Y,AMH,11/20/2024,,DTB,,TRUE
828,LB_0063,LB,23.496241,110.062239,462,20.2,N/A,Y,Y,Y,AMH,11/20/2024,DBH2 = 27.2,DTB,,TRUE
829,LB_0064,LB,23.496241,110.062239,462,30,N/A,Y,Y,Y,AMH,11/20/2024,,DTB,,TRUE
830,LB_0065,LB,23.496153,110.062248,471,59.2,N/A,Y,Y,Y,AMH,11/20/2024,,DTB,,TRUE
831,LB_0066,LB,23.496438,110.062141,472,40.9,N/A,Y,Y,Y,AMH,11/20/2024,"DBH2 = 34.8, DBH3 = 25.2, DBH4 = 36, DBH4 = 37.6",DTB,,TRUE
832,LB_0067,LB,23.496197,110.062253,440,32.3,N/A,Y,Y,Y,AMH,11/20/2024,"tree has other trunks, but they are dead",DTB,,TRUE
833,LB_0068,LB,23.496203,110.062558,414,28.2,N/A,Y,Y,Y,AMH,11/20/2024,,DTB,,TRUE
834,LB_0069,LB,23.496180,110.062484,417,57.6,N/A,Y,Y,Y,AMH,11/20/2024,"tree has other trunks, but they are dead",DTB,,TRUE
835,LB_0070,LB,23.495900,110.062489,412,34.2,N/A,Y,Y,Y,AMH,11/20/2024,,DTB,,TRUE
836,LB_0071,LB,23.495900,110.062489,412,47.5,N/A,Y,Y,Y,AMH,11/20/2024,,DTB,,TRUE
837,LB_0072,LB,23.495831,110.062518,419,69,N/A,Y,Y,Y,AMH,11/20/2024,,DTB,,TRUE
838,LB_0073,LB,23.495617,110.062614,367 (no),39.6,N/A,Y,Y,Y,AMH,11/20/2024,,DTB,,TRUE
839,LB_0074,LB,23.495681,110.062300,441,43,N/A,Y,Y,Y,AMH,11/20/2024,"DBH2 = 54.8, DBH3 = 29.2",DTB,,TRUE
840,LB_0075,LB,23.496013,110.062456,321 (no),23.1,N/A,Y,Y,Y,AMH,11/20/2024,,DTB,,TRUE
841,LB_0076,LB,23.495237,110.061974,389,41.6,N/A,Y,Y,Y,AMH,11/20/2024,"DBH2 = 27.9, lots of successful root shoots",DTB,,TRUE
842,LB_0077,LB,23.495859,110.061632,457 (?),33,N/A,Y,Y,Y,AMH,11/20/2024,,DTB,,TRUE
843,LB_0078,LB,23.496138,110.061647,436,31.1,N/A,Y,Y,Y,AMH,11/20/2024,DBH2 = 56.4,DTB,,TRUE
844,LB_0079,LB,23.495524,110.061137,460,47.3,N/A,Y,Y,Y,AMH,11/20/2024,,DTB,,TRUE
845,LB_0080,LB,23.495524,110.061137,460,51,N/A,Y,Y,Y,AMH,11/20/2024,,DTB,,TRUE
846,LB_0081,LB,23.495524,110.061137,460,41.5,N/A,Y,Y,Y,AMH,11/20/2024,DBH2 = 18,DTB,,TRUE
847,LB_0082,LB,23.495829,110.061315,349 (?),33.3,N/A,Y,Y,Y,AMH,11/20/2024,,DTB,,TRUE
848,LB_0083,LB,23.495937,110.061315,415,28,N/A,Y,Y,Y,AMH,11/20/2024,,DTB,,TRUE
849,LB_0084,LB,23.495878,110.061150,461,18.7,N/A,Y,Y,Y,AMH,11/20/2024,,DTB,,TRUE
850,LB_0085,LB,23.495959,110.060976,441,19.2,N/A,Y,Y,Y,AMH,11/20/2024,,DTB,,TRUE
851,LB_0086,LB,23.495981,110.061537,402,33.1,N/A,Y,Y,Y,AMH,11/20/2024,"DBH2 = 32.3, DBH3 = 26.3, DBH4 = 33.5",DTB,,TRUE
852,LB_0087,LB,23.496468,110.061434,463,38.8,N/A,Y,Y,Y,AMH,11/20/2024,,DTB,,TRUE
853,LB_0088,LB,23.496341,110.061514,459,20,N/A,Y,Y,Y,AMH,11/20/2024,,DTB,,TRUE
854,LB_0089,LB,23.496341,110.061514,459,35,N/A,Y,Y,Y,AMH,11/20/2024,,DTB,,TRUE
855,LB_0090,LB,23.496233,110.061518,?,25.9,N/A,Y,Y,Y,AMH,11/20/2024,,DTB,,TRUE
856,LB_0091,LB,23.496564,110.061141,441,37.5,N/A,Y,Y,Y,AMH,11/20/2024,DBH2 = 34,DTB,,TRUE
857,LB_0092,LB,23.496564,110.061141,441,62.6,N/A,Y,Y,Y,AMH,11/20/2024,,DTB,,TRUE
858,LB_0093,LB,23.496748,110.061263,417,22.6,N/A,Y,Y,Y,AMH,11/20/2024,DBH2 = 39.0,DTB,,TRUE
692,LB_0094,LB,23.497262,110.061096,474,28.8,N/A,Y,Y,Y,AMH,11/20/2024,DBH = 33.8,DTB,,TRUE
859,LB_0095,LB,23.497748,110.061140,460,22.2,N/A,Y,Y,Y,AMH,11/20/2024,"DBH2 = 24.5, DBH3 = 43.6, DBH4 = 33.2, DBH5 = 56.4",DTB,,TRUE
724,LS_001,LS,23.90124367,110.15173673,448.674,97.6,N/A,Y,Y,Y,KG,11/06/2024,25.1m x 25.335m canopy,DTB,SB and LS data from Angie when on trip with AJ --> I think the GPS points are MUCH more accurate than our typical points,TRUE
725,LS_002,LS,23.90108488,110.15128487,449.629,54,N/A,Y,Y,Y,KG,11/06/2024,20.50m x 11.0m canopy,DTB,,TRUE
726,LS_003,LS,23.90169586,110.15152413,448.650,118,N/A,Y,Y,Y,KG,11/06/2024,"DBH2: 50.3, 30.50m x 31m canopy",DTB,,TRUE
727,LS_004,LS,23.901091621,110.15180867,448.029,33.5,N/A,Y,Y,Y,KG,11/06/2024,"DBH2: 37.2, 12.35m x 13.79m canopy",DTB,,TRUE
961,LT_0001,LT,23.364659,109.802007,323,88.5,N/A,Y,Y,Y,AMH,12/08/2024,"Las Tinas, between Boca de las Sierras and Miraflores",DTB,,TRUE
962,LT_0002,LT,23.364378,109.800585,266,60.3,N/A,Y,Y,Y,AMH,12/08/2024,"a few behind a fence close to this one, maybe another 20-ish trees scattered down the river",DTB,,TRUE
963,LT_0003,LT,23.364063,109.792975,239,136,N/A,Y,Y,Y,AMH,12/08/2024,several trees v close to here on private property that we got to tour!,DTB,,TRUE
964,LT_0004,LT,23.363888,109.791151,262,144.1,N/A,Y,Y,Y,AMH,12/08/2024,"small arroyo that dumps into bigger, on which also has oaks, this population probably has several hundred oaks",DTB,,TRUE
710,SB_001,SB,23.88715543,110.15458933,429.008,18,N/A,Y,Y,Y,KG,11/06/2024,"new site: San Blas (ID = SB), 6.9m x 7.72m canopy, DBH2: 12.1",DTB,,TRUE
721,SB_002,SB,23.88715443,110.15458720,429.085,5.5,N/A,Y,Y,Y,KG,11/06/2024,1m x 1m canopy,DTB,,TRUE
722,SB_003,SB,23.88727113,110.15435958,428.554,64.8,N/A,Y,Y,Y,KG,11/06/2024,21.13m x 19.86 m canopy,DTB,,TRUE
723,SB_004,SB,23.88619954,110.15408537,427.637,105,N/A,Y,Y,Y,KG,11/06/2024,27.60m x 23.20 m canopy. Bees!,DTB,,TRUE
752,SDo_0001,SDo,23.431243,110.033470,470,43,N/A,Y,Y,Y,AMH,11/19/2024,"2 DBHs, 2nd = 42. phone GPS: 23.4312002, -110.0337661, DT = 14",DTB,,TRUE
753,SDo_0002,SDo,23.430682,110.032973,466,65.6,N/A,Y,Y,Y,AMH,11/19/2024,"phone GPS: 23.4307385, -110.0331536, DT = 13, only v few acorns high in tree",DTB,,TRUE
754,SDo_0003,SDo,23.430672,110.032868,416,99.5,N/A,Y,Y,Y,AMH,11/19/2024,"phone GPS: 23.4306677, -110.0329447, DT = 12",DTB,,TRUE
755,SDo_0004,SDo,23.430602,110.032406,413,79.5,N/A,Y,Y,Y,AMH,11/19/2024,"phone GPS: 23.4306323, -110.0325504, DT = 11",DTB,,TRUE
756,SDo_0005,SDo,23.428378,110.028671,421,N/A,N/A,Y,Y,Y,AMH,11/19/2024,"on edge of cliff, can't safely get DHB. phone GPS: 23.4282694, -110.0286059",DTB,,TRUE
757,SDo_0006,SDo,23.428187,110.028559,461,37,N/A,Y,Y,Y,AMH,11/19/2024,"phone GPS: 23.4281790, -110.0285459",DTB,,TRUE
758,SDo_0007,SDo,23.427931,110.028234,459,45,N/A,Y,Y,Y,AMH,11/19/2024,"phone GPS: 23.4281934, -110.0284648, one more ind in this area but too dangerous to sample",DTB,,TRUE
759,SDo_0008,SDo,23.430242,110.029625,423,48.8,N/A,Y,Y,Y,AMH,11/19/2024,"phone GPS: 23.4302586, -110.0296446. Pics of next 4 trees = tough b/c lots of undergrowth",DTB,,TRUE
760,SDo_0009,SDo,23.430239,110.029647,406,50,N/A,Y,Y,Y,AMH,11/19/2024,"phone GPS: 23.4301934, -110.0296640",DTB,,TRUE
761,SDo_0010,SDo,23.430459,110.029566,279 (?),78.8,N/A,Y,Y,Y,AMH,11/19/2024,"phone GPS: 23.4301331, -110.0295594",DTB,,TRUE
762,SDo_0011,SDo,23.430349,110.029709,320,49,N/A,Y,Y,Y,AMH,11/19/2024,"phone GPS: 23.4301506, -110.0297314",DTB,,TRUE
763,SDo_0012,SDo,23.436591,110.031083,455,28.2,N/A,Y,Y,Y,AMH,11/19/2024,"2nd DBH = 18, phone GPS: 23.4303859, -110.0311751",DTB,,TRUE
764,SDo_0013,SDo,23.430409,110.031108,405,52,N/A,Y,Y,Y,AMH,11/19/2024,"phone GPS: 23.4304265, -110.0311295",DTB,,TRUE
765,SDo_0014,SDo,23.430382,110.031161,420,29.5,N/A,Y,Y,Y,AMH,11/19/2024,"phone GPS: 23.4304656, -110.0311289",DTB,,TRUE
766,SDo_0015,SDo,23.430512,110.031088,449,26.5,N/A,Y,Y,Y,AMH,11/19/2024,"phone GPS: 23.4303693, -110.0311071",DTB,,TRUE
767,SDo_0016,SDo,23.430822,110.031820,431,72,N/A,Y,Y,Y,AMH,11/19/2024,"phone GPS: 23.4308074, -110.0319872",DTB,,TRUE
,,,,,,,,,,,AMH,12/08/2024,"walked down above arroyito until it spit out to the main arroyo, cut across, at least 1 more tree further down main arroyo",DTB,,TRUE
,,,,,,,,232,,,,,,,,