Name,QUVA 03_284 (ALEXA) - 1,QUVA 03_284 (ALEXA) - 2
SH-Q4462_DP04,174,182
SH-Q4461_DP04,174,174
SH-Q4460_DP04,172,174
SH-Q4459_DP04,174,184
SH-Q4458_DP04,172,174
SH-Q4457_DP04,172,182
SH-Q4456_DP04,184,184
SH-Q4455_DP04,Too many alleles,Too many alleles
SH-Q4454_DP04,174,174
SH-Q4453_DP04,184,184
SH-Q4452_DP04,186,186
SH-Q4451_DP04,172,176
SH-Q4450_DP04,184,184
SH-Q4449_DP04,176,192
SH-Q4448_DP04,174,184
SH-Q4447_DP04,182,190
SH-Q4446_DP04,172,182
SH-Q4445_DP04,172,174
SH-Q4444_DP04,176,182
SH-Q4443_DP04,184,192
SH-Q4442_DP04,184,184
SH-Q4441_DP04,172,184
SH-Q4440_DP04,184,192
SH-Q4439_DP04,184,184
SH-Q4438_DP04,184,184
SH-Q4437_DP04,176,182
SH-Q4436_DP04,184,184
SH-Q4435_DP04,172,172
SH-Q4434_DP04,184,184
SH-Q4433_DP04,184,194
SH-Q4432_DP04,172,184
SH-Q4431_DP04,182,184
SH-Q4430_DP04,172,184
SH-Q4429_DP04,174,184
SH-Q4428_DP04,174,184
SH-Q4427_DP04,184,184
SH-Q4426_DP04,174,184
SH-Q4425_DP04,172,184
SH-Q4424_DP04,174,184
SH-Q4423_DP04,174,184
SH-Q4422_DP04,172,182
SH-Q4421_DP04,172,184
SH-Q4420_DP04,184,184
SH-Q4419_DP04,172,182
SH-Q4418_DP04,172,182
SH-Q4417_DP04,184,186
SH-Q4416_DP04,172,176
SH-Q4415_DP04,182,184
SH-Q4414_DP04,172,184
SH-Q4413_DP04,174,184
SH-Q4412_DP04,172,182
SH-Q4411_DP04,182,184
SH-Q4410_DP04,184,184
SH-Q4409_DP04,184,184
SH-Q4408_DP04,184,184
SH-Q4407_DP04,176,184
SH-Q4406_DP04,172,174
SH-Q4405_DP04,172,182
SH-Q4404_DP04,172,184
SH-Q4403_DP04,176,184
SH-Q4402_DP04,174,184
SH-Q4401_DP04,172,174
SH-Q4400_DP04,174,184
SH-Q4399_DP04,184,184
SH-Q4398_DP04,184,184
SH-Q4397_DP04,174,184
SH-Q4396_DP04,172,184
SH-Q4395_DP04,172,184
SH-Q4394_DP04,172,176
SH-Q4393_DP04,176,184
SH-Q4392_DP04,172,174
SH-Q4391_DP04,172,184
SH-Q4390_DP04,174,184
SH-Q4389_DP04,156,184
SH-Q4388_DP04,174,184
SH-Q4387_DP04,174,184
SH-Q4386_DP04,174,174
SH-Q4385_DP04,Too many alleles,Too many alleles
SH-Q4384_DP04,174,184
SH-Q4383_DP04,172,174
SH-Q4382_DP04,184,184
SH-Q4381_DP04,174,174
SH-Q4380_DP04,174,174
SH-Q4379_DP04,184,184
SH-Q4378_DP04,Too many alleles,Too many alleles
SH-Q4377_DP04,174,182
SH-Q4376_DP04,184,186
SH-Q4375_DP04,176,176
SH-Q4219_DP04,174,176
SH-Q4196_DP04,174,184
SH-Q4071_DP04,174,184
SH-Q4062_DP04,156,156
