Name,QUVA 07_187 (ALEXA) - 1,QUVA 07_187 (ALEXA) - 2,QUVA 02_127 - 1,QUVA 02_127 - 2,QUVA 03_250 - 1,QUVA 03_250 - 2,QUVA 02_876 (ALEXA) - 1,QUVA 02_876 (ALEXA) - 2,QUVA 03_284 (ALEXA) - 1,QUVA 03_284 (ALEXA) - 2,QUVA 02_774 (ALEXA) - 1,QUVA 02_774 (ALEXA) - 2
SH-Q4462_RaMP_DP04_MP1_D07,174,182,Peaks outside loci,Peaks outside loci,Peaks outside loci,Peaks outside loci,No peaks in locus,No peaks in locus,174,182,No peaks,No peaks
SH-Q4461_RaMP_DP04_MP1_F12,170,174,No peaks,No peaks,No peaks,No peaks,No peaks in locus,No peaks in locus,174,174,No peaks,No peaks
SH-Q4460_RaMP_DP04_MP1_E02,No peaks,No peaks,No peaks,No peaks,No peaks,No peaks,No peaks in locus,No peaks in locus,172,174,No peaks,No peaks
SH-Q4459_RaMP_DP04_MP1_A01,162,164,No peaks,No peaks,No peaks,No peaks,No peaks in locus,No peaks in locus,174,184,No peaks,No peaks
SH-Q4458_RaMP_DP04_MP1_B12,174,176,No peaks,No peaks,No peaks,No peaks,No peaks in locus,No peaks in locus,172,174,No peaks,No peaks
SH-Q4457_RaMP_DP04_MP1_B08,146,172,No peaks,No peaks,No peaks,No peaks,No peaks in locus,No peaks in locus,172,182,No peaks,No peaks
SH-Q4456_RaMP_DP04_MP1_D01,168,188,No peaks,No peaks,No peaks,No peaks,No peaks in locus,No peaks in locus,184,184,No peaks,No peaks
SH-Q4455_RaMP_DP04_MP1_F02,170,174,No peaks,No peaks,No peaks,No peaks,No peaks in locus,No peaks in locus,Too many alleles,Too many alleles,No peaks,No peaks
SH-Q4454_RaMP_DP04_MP1_C05,174,178,No peaks,No peaks,No peaks,No peaks,No peaks in locus,No peaks in locus,174,174,No peaks,No peaks
SH-Q4453_RaMP_DP04_MP1_F06,176,178,No peaks,No peaks,No peaks,No peaks,No peaks in locus,No peaks in locus,184,184,No peaks,No peaks
SH-Q4452_RaMP_DP04_MP1_B02,164,186,No peaks,No peaks,No peaks,No peaks,No peaks in locus,No peaks in locus,186,186,No peaks,No peaks
SH-Q4451_RaMP_DP04_MP1_F05,164,172,No peaks,No peaks,No peaks,No peaks,No peaks in locus,No peaks in locus,172,176,No peaks,No peaks
SH-Q4450_RaMP_DP04_MP1_D05,154,184,No peaks,No peaks,No peaks,No peaks,No peaks in locus,No peaks in locus,184,184,No peaks,No peaks
SH-Q4449_RaMP_DP04_MP1_B03,154,176,No peaks,No peaks,No peaks,No peaks,No peaks in locus,No peaks in locus,176,192,No peaks,No peaks
SH-Q4448_RaMP_DP04_MP1_F09,174,184,Peaks outside loci,Peaks outside loci,Peaks outside loci,Peaks outside loci,No peaks in locus,No peaks in locus,174,184,No peaks,No peaks
SH-Q4447_RaMP_DP04_MP1_G08,164,168,Peaks outside loci,Peaks outside loci,Peaks outside loci,Peaks outside loci,No peaks in locus,No peaks in locus,182,190,No peaks,No peaks
SH-Q4446_RaMP_DP04_MP1_C06,166,172,No peaks,No peaks,No peaks,No peaks,No peaks in locus,No peaks in locus,172,182,No peaks,No peaks
SH-Q4445_RaMP_DP04_MP1_H11,166,168,No peaks,No peaks,No peaks,No peaks,No peaks in locus,No peaks in locus,172,174,No peaks,No peaks
SH-Q4444_RaMP_DP04_MP1_D04,176,182,No peaks,No peaks,No peaks,No peaks,No peaks in locus,No peaks in locus,176,182,No peaks,No peaks
SH-Q4443_RaMP_DP04_MP1_E08,128,184,No peaks,No peaks,No peaks,No peaks,No peaks in locus,No peaks in locus,184,192,No peaks,No peaks
SH-Q4442_RaMP_DP04_MP1_E09,164,184,No peaks,No peaks,No peaks,No peaks,No peaks in locus,No peaks in locus,184,184,No peaks,No peaks
SH-Q4441_RaMP_DP04_MP1_E12,172,182,Peaks outside loci,Peaks outside loci,Peaks outside loci,Peaks outside loci,No peaks in locus,No peaks in locus,172,184,No peaks,No peaks
SH-Q4440_RaMP_DP04_MP1_C09,154,184,No peaks,No peaks,No peaks,No peaks,No peaks in locus,No peaks in locus,184,192,No peaks,No peaks
SH-Q4439_RaMP_DP04_MP1_B10,184,188,No peaks,No peaks,No peaks,No peaks,No peaks in locus,No peaks in locus,184,184,No peaks,No peaks
SH-Q4438_RaMP_DP04_MP1_C11,178,184,No peaks,No peaks,No peaks,No peaks,No peaks in locus,No peaks in locus,184,184,No peaks,No peaks
SH-Q4437_RaMP_DP04_MP1_C02,162,164,No peaks,No peaks,No peaks,No peaks,No peaks in locus,No peaks in locus,176,182,No peaks,No peaks
SH-Q4436_RaMP_DP04_MP1_B04,128,184,127,127,No peaks in locus,No peaks in locus,No peaks in locus,No peaks in locus,184,184,No peaks,No peaks
SH-Q4435_RaMP_DP04_MP1_F07,166,170,No peaks,No peaks,No peaks,No peaks,No peaks in locus,No peaks in locus,172,172,Unbinned peaks,Unbinned peaks
SH-Q4434_RaMP_DP04_MP1_H03,184,188,No peaks,No peaks,No peaks,No peaks,No peaks in locus,No peaks in locus,184,184,No peaks,No peaks
SH-Q4433_RaMP_DP04_MP1_B11,184,188,No peaks,No peaks,No peaks,No peaks,No peaks in locus,No peaks in locus,184,194,No peaks,No peaks
SH-Q4432_RaMP_DP04_MP1_G01,172,172,Peaks outside loci,Peaks outside loci,Peaks outside loci,Peaks outside loci,No peaks in locus,No peaks in locus,172,184,No peaks,No peaks
SH-Q4431_RaMP_DP04_MP1_H08,162,164,No peaks,No peaks,No peaks,No peaks,No peaks in locus,No peaks in locus,182,184,No peaks,No peaks
SH-Q4430_RaMP_DP04_MP1_C04,160,172,No peaks,No peaks,No peaks,No peaks,No peaks in locus,No peaks in locus,172,184,No peaks,No peaks
SH-Q4429_RaMP_DP04_MP1_A04,Unbinned peaks in locus,Unbinned peaks in locus,No peaks,No peaks,No peaks,No peaks,No peaks in locus,No peaks in locus,174,184,No peaks,No peaks
SH-Q4428_RaMP_DP04_MP1_E05,174,184,Peaks outside loci,Peaks outside loci,Peaks outside loci,Peaks outside loci,No peaks in locus,No peaks in locus,174,184,No peaks,No peaks
SH-Q4427_RaMP_DP04_MP1_G10,128,184,No peaks,No peaks,No peaks,No peaks,No peaks in locus,No peaks in locus,184,184,No peaks,No peaks
SH-Q4426_RaMP_DP04_MP1_A12,128,166,No peaks,No peaks,No peaks,No peaks,No peaks in locus,No peaks in locus,174,184,No peaks,No peaks
SH-Q4425_RaMP_DP04_MP1_G05,Unbinned peaks in locus,Unbinned peaks in locus,No peaks,No peaks,No peaks,No peaks,No peaks in locus,No peaks in locus,172,184,No peaks,No peaks
SH-Q4424_RaMP_DP04_MP1_A08,170,170,No peaks,No peaks,No peaks,No peaks,No peaks in locus,No peaks in locus,174,184,No peaks,No peaks
SH-Q4423_RaMP_DP04_MP1_H04,182,184,No peaks,No peaks,No peaks,No peaks,No peaks in locus,No peaks in locus,174,184,No peaks,No peaks
SH-Q4422_RaMP_DP04_MP1_F10,172,182,Peaks outside loci,Peaks outside loci,Peaks outside loci,Peaks outside loci,No peaks in locus,No peaks in locus,172,182,No peaks,No peaks
SH-Q4421_RaMP_DP04_MP1_F01,170,172,No peaks,No peaks,No peaks,No peaks,No peaks in locus,No peaks in locus,172,184,No peaks,No peaks
SH-Q4420_RaMP_DP04_MP1_A10,128,184,No peaks,No peaks,No peaks,No peaks,No peaks in locus,No peaks in locus,184,184,No peaks,No peaks
SH-Q4419_RaMP_DP04_MP1_D06,166,172,Peaks outside loci,Peaks outside loci,Peaks outside loci,Peaks outside loci,No peaks in locus,No peaks in locus,172,182,No peaks,No peaks
SH-Q4418_RaMP_DP04_MP1_E10,Unbinned peaks,Unbinned peaks,Peaks outside loci,Peaks outside loci,Peaks outside loci,Peaks outside loci,No peaks in locus,No peaks in locus,172,182,No peaks,No peaks
SH-Q4417_RaMP_DP04_MP1_A07,128,162,No peaks,No peaks,No peaks,No peaks,No peaks in locus,No peaks in locus,184,186,No peaks,No peaks
SH-Q4416_RaMP_DP04_MP1_G07,172,176,No peaks,No peaks,No peaks,No peaks,No peaks in locus,No peaks in locus,172,176,No peaks,No peaks
SH-Q4415_RaMP_DP04_MP1_C03,128,182,No peaks,No peaks,No peaks,No peaks,No peaks in locus,No peaks in locus,182,184,No peaks,No peaks
SH-Q4414_RaMP_DP04_MP1_A11,164,166,No peaks,No peaks,No peaks,No peaks,No peaks in locus,No peaks in locus,172,184,No peaks,No peaks
SH-Q4413_RaMP_DP04_MP1_D08,166,174,Peaks outside loci,Peaks outside loci,Peaks outside loci,Peaks outside loci,No peaks in locus,No peaks in locus,174,184,No peaks,No peaks
SH-Q4412_RaMP_DP04_MP1_D10,166,172,No peaks,No peaks,No peaks,No peaks,No peaks in locus,No peaks in locus,172,182,No peaks,No peaks
SH-Q4411_RaMP_DP04_MP1_A05,170,182,Peaks outside loci,Peaks outside loci,Peaks outside loci,Peaks outside loci,No peaks in locus,No peaks in locus,182,184,No peaks,No peaks
SH-Q4410_RaMP_DP04_MP1_E07,No peaks,No peaks,No peaks,No peaks,No peaks,No peaks,No peaks in locus,No peaks in locus,184,184,No peaks,No peaks
SH-Q4409_RaMP_DP04_MP1_G09,Unbinned peaks,Unbinned peaks,No peaks,No peaks,No peaks,No peaks,No peaks in locus,No peaks in locus,184,184,No peaks,No peaks
SH-Q4408_RaMP_DP04_MP1_C01,174,184,No peaks,No peaks,No peaks,No peaks,No peaks in locus,No peaks in locus,184,184,No peaks,No peaks
SH-Q4407_RaMP_DP04_MP1_H07,128,146,Peaks outside loci,Peaks outside loci,Peaks outside loci,Peaks outside loci,No peaks in locus,No peaks in locus,176,184,No peaks,No peaks
SH-Q4406_RaMP_DP04_MP1_G11,172,174,No peaks,No peaks,No peaks,No peaks,No peaks in locus,No peaks in locus,172,174,No peaks,No peaks
SH-Q4405_RaMP_DP04_MP1_G06,166,172,No peaks,No peaks,No peaks,No peaks,No peaks in locus,No peaks in locus,172,182,No peaks,No peaks
SH-Q4404_RaMP_DP04_MP1_E06,164,172,No peaks,No peaks,No peaks,No peaks,No peaks in locus,No peaks in locus,172,184,No peaks,No peaks
SH-Q4403_RaMP_DP04_MP1_C10,176,176,No peaks,No peaks,No peaks,No peaks,No peaks in locus,No peaks in locus,176,184,No peaks,No peaks
SH-Q4402_RaMP_DP04_MP1_F03,164,166,No peaks,No peaks,No peaks,No peaks,No peaks in locus,No peaks in locus,174,184,No peaks,No peaks
SH-Q4401_RaMP_DP04_MP1_H12,164,166,Peaks outside loci,Peaks outside loci,Peaks outside loci,Peaks outside loci,No peaks in locus,No peaks in locus,172,174,No peaks,No peaks
SH-Q4400_RaMP_DP04_MP1_A06,166,174,No peaks,No peaks,No peaks,No peaks,No peaks in locus,No peaks in locus,174,184,No peaks,No peaks
SH-Q4399_RaMP_DP04_MP1_C12,176,178,No peaks,No peaks,No peaks,No peaks,No peaks in locus,No peaks in locus,184,184,No peaks,No peaks
SH-Q4398_RaMP_DP04_MP1_B07,176,178,No peaks,No peaks,No peaks,No peaks,No peaks in locus,No peaks in locus,184,184,No peaks,No peaks
SH-Q4397_RaMP_DP04_MP1_H05,174,184,Peaks outside loci,Peaks outside loci,Peaks outside loci,Peaks outside loci,No peaks in locus,No peaks in locus,174,184,No peaks,No peaks
SH-Q4396_RaMP_DP04_MP1_F08,172,184,No peaks,No peaks,No peaks,No peaks,No peaks in locus,No peaks in locus,172,184,No peaks,No peaks
SH-Q4395_RaMP_DP04_MP1_A02,128,172,127,127,No peaks in locus,No peaks in locus,No peaks in locus,No peaks in locus,172,184,No peaks,No peaks
SH-Q4394_RaMP_DP04_MP1_D11,172,176,Peaks outside loci,Peaks outside loci,Peaks outside loci,Peaks outside loci,No peaks in locus,No peaks in locus,172,176,No peaks,No peaks
SH-Q4393_RaMP_DP04_MP1_H09,164,166,Peaks outside loci,Peaks outside loci,Peaks outside loci,Peaks outside loci,No peaks in locus,No peaks in locus,176,184,No peaks,No peaks
SH-Q4392_RaMP_DP04_MP1_D12,156,158,No peaks,No peaks,No peaks,No peaks,No peaks in locus,No peaks in locus,172,174,No peaks,No peaks
SH-Q4391_RaMP_DP04_MP1_B05,158,160,Peaks outside loci,Peaks outside loci,Peaks outside loci,Peaks outside loci,No peaks in locus,No peaks in locus,172,184,No peaks,No peaks
SH-Q4390_RaMP_DP04_MP1_H01,174,178,No peaks,No peaks,No peaks,No peaks,No peaks in locus,No peaks in locus,174,184,No peaks,No peaks
SH-Q4389_RaMP_DP04_MP1_H10,156,172,Peaks outside loci,Peaks outside loci,Peaks outside loci,Peaks outside loci,No peaks in locus,No peaks in locus,156,184,No peaks,No peaks
SH-Q4388_RaMP_DP04_MP1_D03,174,184,Peaks outside loci,Peaks outside loci,Peaks outside loci,Peaks outside loci,No peaks in locus,No peaks in locus,174,184,No peaks,No peaks
SH-Q4387_RaMP_DP04_MP1_G02,160,174,No peaks,No peaks,No peaks,No peaks,No peaks in locus,No peaks in locus,174,184,No peaks,No peaks
SH-Q4386_RaMP_DP04_MP1_C08,170,174,No peaks,No peaks,No peaks,No peaks,No peaks in locus,No peaks in locus,174,174,No peaks,No peaks
SH-Q4385_RaMP_DP04_MP1_E11,174,184,No peaks,No peaks,No peaks,No peaks,No peaks in locus,No peaks in locus,Too many alleles,Too many alleles,No peaks,No peaks
SH-Q4384_RaMP_DP04_MP1_E04,174,180,No peaks,No peaks,No peaks,No peaks,No peaks in locus,No peaks in locus,174,184,No peaks,No peaks
SH-Q4383_RaMP_DP04_MP1_D02,170,174,No peaks,No peaks,No peaks,No peaks,No peaks in locus,No peaks in locus,172,174,No peaks,No peaks
SH-Q4382_RaMP_DP04_MP1_H06,166,184,No peaks,No peaks,No peaks,No peaks,No peaks in locus,No peaks in locus,184,184,No peaks,No peaks
SH-Q4381_RaMP_DP04_MP1_E03,164,174,No peaks,No peaks,No peaks,No peaks,No peaks in locus,No peaks in locus,174,174,No peaks,No peaks
SH-Q4380_RaMP_DP04_MP1_B09,170,174,No peaks,No peaks,No peaks,No peaks,No peaks in locus,No peaks in locus,174,174,No peaks,No peaks
SH-Q4379_RaMP_DP04_MP1_B01,180,182,No peaks,No peaks,No peaks,No peaks,No peaks in locus,No peaks in locus,184,184,No peaks,No peaks
SH-Q4378_RaMP_DP04_MP1_G03,154,156,No peaks,No peaks,No peaks,No peaks,No peaks in locus,No peaks in locus,Too many alleles,Too many alleles,No peaks,No peaks
SH-Q4377_RaMP_DP04_MP1_G04,174,182,No peaks,No peaks,No peaks,No peaks,No peaks in locus,No peaks in locus,174,182,No peaks,No peaks
SH-Q4376_RaMP_DP04_MP1_G12,184,192,No peaks,No peaks,No peaks,No peaks,No peaks in locus,No peaks in locus,184,186,No peaks,No peaks
SH-Q4375_RaMP_DP04_MP1_A03,Unbinned peaks in locus,Unbinned peaks in locus,No peaks,No peaks,No peaks,No peaks,No peaks in locus,No peaks in locus,176,176,No peaks,No peaks
DUP_SH-Q4219_RaMP_DP04_MP1_E01,No peaks,No peaks,No peaks,No peaks,No peaks,No peaks,No peaks in locus,No peaks in locus,174,176,No peaks,No peaks
DUP_SH-Q4196_RaMP_DP04_MP1_F11,164,166,Peaks outside loci,Peaks outside loci,Peaks outside loci,Peaks outside loci,No peaks in locus,No peaks in locus,174,184,No peaks,No peaks
DUP_SH-Q4071_RaMP_DP04_MP1_C07,172,174,Peaks outside loci,Peaks outside loci,Peaks outside loci,Peaks outside loci,No peaks in locus,No peaks in locus,174,184,No peaks,No peaks
DUP_SH-Q4062_RaMP_DP04_MP1_A09,156,156,No peaks,No peaks,No peaks,No peaks,No peaks in locus,No peaks in locus,156,156,No peaks,No peaks
BLANK_RaMP_DP04_MP1_H02,No peaks,No peaks,No peaks,No peaks,No peaks,No peaks,No peaks,No peaks,No peaks,No peaks,No peaks,No peaks
BLANK_RaMP_DP04_MP1_F04,No peaks,No peaks,No peaks,No peaks,No peaks,No peaks,No peaks,No peaks,No peaks,No peaks,No peaks,No peaks
BLANK_RaMP_DP04_MP1_D09,Unbinned peaks,Unbinned peaks,No peaks,No peaks,No peaks,No peaks,No peaks,No peaks,No peaks,No peaks,No peaks,No peaks
BLANK_RaMP_DP04_MP1_B06,No peaks,No peaks,No peaks,No peaks,No peaks,No peaks,No peaks,No peaks,No peaks,No peaks,No peaks,No peaks


