Name,QUVA 02_829 (ALEXA) - 1,QUVA 02_829 (ALEXA) - 2,QUVA 03_101 (ALEXA) - 1,QUVA 03_101 (ALEXA) - 2,QUVA 05_282 (ALEXA) - 1,QUVA 05_282 (ALEXA) - 2,QUVA 08_528 - 1,QUVA 08_528 - 2,QUVA 05_468 (ALEXA) - 1,QUVA 05_468 (ALEXA) - 2,QUVA 02_754 (ALEXA) - 1,QUVA 02_754 (ALEXA) - 2
SH-Q4550_RaMP_DP05_MP4_A09,134,154,205,205,154,174,162,176,117,131,246,246
SH-Q4549_RaMP_DP05_MP4_E06,134,157,205,211,158,165,Too many alleles,Too many alleles,131,151,243,243
SH-Q4548_RaMP_DP05_MP4_D02,154,154,205,208,154,156,146,162,117,129,246,246
SH-Q4547_RaMP_DP05_MP4_H07,156,159,211,211,159,174,144,156,131,143,243,246
SH-Q4546_RaMP_DP05_MP4_F12,134,134,211,211,167,167,146,162,153,153,228,246
SH-Q4545_RaMP_DP05_MP4_G01,134,169,211,211,154,154,166,184,131,131,243,249
SH-Q4544_RaMP_DP05_MP4_H03,138,148,205,211,154,158,144,166,131,131,222,246
SH-Q4543_RaMP_DP05_MP4_C02,134,156,211,223,174,176,144,182,131,165,231,246
SH-Q4542_RaMP_DP05_MP4_G12,134,154,211,211,154,159,164,166,131,131,243,243
SH-Q4541_RaMP_DP05_MP4_B03,150,156,205,205,159,167,174,182,143,153,231,246
SH-Q4540_RaMP_DP05_MP4_D12,156,169,211,223,158,176,142,144,131,131,243,243
SH-Q4539_RaMP_DP05_MP4_B07,134,169,211,223,154,158,166,178,131,131,243,243
SH-Q4538_RaMP_DP05_MP4_G04,134,169,211,223,154,176,144,144,131,131,243,243
SH-Q4537_RaMP_DP05_MP4_B05,134,154,205,205,159,178,146,166,131,131,225,243
SH-Q4536_RaMP_DP05_MP4_H12,134,148,205,205,154,179,142,142,131,165,243,243
SH-Q4535_RaMP_DP05_MP4_H05,134,134,205,205,154,176,144,176,131,131,231,243
SH-Q4534_RaMP_DP05_MP4_C04,154,154,205,211,154,158,142,166,131,133,225,243
SH-Q4533_RaMP_DP05_MP4_E10,134,169,211,211,154,154,144,166,131,145,243,246
SH-Q4532_RaMP_DP05_MP4_H11,134,134,205,211,154,178,Unbinned peaks in locus,Unbinned peaks in locus,131,143,231,231
SH-Q4531_RaMP_DP05_MP4_C12,134,154,205,205,159,178,150,164,131,163,225,225
SH-Q4530_RaMP_DP05_MP4_C10,138,156,208,208,154,156,142,142,131,143,246,253
SH-Q4529_RaMP_DP05_MP4_G03,134,154,205,205,159,178,142,166,131,133,225,243
SH-Q4528_RaMP_DP05_MP4_F01,134,154,205,211,154,173,164,166,131,131,225,233
SH-Q4527_RaMP_DP05_MP4_A11,134,138,208,211,156,161,Unbinned peaks in locus,Unbinned peaks in locus,131,143,246,246
SH-Q4526_RaMP_DP05_MP4_A10,134,169,211,211,154,177,144,178,131,143,225,243
SH-Q4525_RaMP_DP05_MP4_H10,134,134,211,211,154,158,150,164,131,133,231,231
SH-Q4524_RaMP_DP05_MP4_H02,148,154,211,211,158,158,166,180,131,131,231,246
SH-Q4523_RaMP_DP05_MP4_B11,154,157,211,211,154,158,142,146,131,163,225,243
SH-Q4522_RaMP_DP05_MP4_H06,134,159,205,205,154,177,142,150,131,141,225,243
SH-Q4521_RaMP_DP05_MP4_D08,154,154,205,211,154,178,142,144,131,131,225,243
SH-Q4520_RaMP_DP05_MP4_A12,134,138,211,211,161,176,142,174,131,155,246,246
SH-Q4519_RaMP_DP05_MP4_D09,134,154,205,211,158,159,144,146,131,133,225,243
SH-Q4518_RaMP_DP05_MP4_B02,144,148,211,223,154,158,144,144,131,131,243,246
SH-Q4517_RaMP_DP05_MP4_E07,134,154,205,211,158,158,144,164,131,133,225,231
SH-Q4516_RaMP_DP05_MP4_F05,134,138,211,211,156,176,142,144,131,155,225,246
SH-Q4515_RaMP_DP05_MP4_E02,154,154,205,205,154,179,144,164,131,165,225,225
SH-Q4514_RaMP_DP05_MP4_B10,148,154,205,211,154,154,144,146,131,131,243,243
SH-Q4513_RaMP_DP05_MP4_F04,154,154,205,211,154,154,144,146,131,131,225,243
SH-Q4512_RaMP_DP05_MP4_G07,134,148,211,223,158,159,144,166,131,131,243,246
SH-Q4511_RaMP_DP05_MP4_C09,134,134,205,205,154,158,144,166,131,163,231,231
SH-Q4510_RaMP_DP05_MP4_E11,154,156,205,208,159,159,142,150,131,153,231,243
SH-Q4509_RaMP_DP05_MP4_F07,138,148,205,211,154,178,144,166,117,131,222,246
SH-Q4508_RaMP_DP05_MP4_B09,154,154,211,211,159,178,Unbinned peaks in locus,Unbinned peaks in locus,129,131,243,243
SH-Q4507_RaMP_DP05_MP4_E04,154,154,205,211,154,179,142,144,131,165,225,243
SH-Q4506_RaMP_DP05_MP4_E09,134,148,211,211,154,179,142,146,131,165,243,243
SH-Q4505_RaMP_DP05_MP4_D11,134,134,208,211,156,158,Unbinned peaks in locus,Unbinned peaks in locus,131,133,231,243
SH-Q4504_RaMP_DP05_MP4_H08,134,138,208,211,154,176,Unbinned peaks in locus,Unbinned peaks in locus,155,155,246,246
SH-Q4503_RaMP_DP05_MP4_H01,154,154,205,211,154,178,142,166,131,131,225,243
SH-Q4502_RaMP_DP05_MP4_A05,134,156,211,211,154,176,142,174,131,155,246,246
SH-Q4501_RaMP_DP05_MP4_A01,134,134,205,205,158,159,142,144,131,163,231,243
SH-Q4500_RaMP_DP05_MP4_G11,138,169,208,211,158,177,142,144,131,155,243,246
SH-Q4499_RaMP_DP05_MP4_F06,134,144,208,211,158,167,144,144,143,163,225,231
SH-Q4498_RaMP_DP05_MP4_E03,148,154,205,211,154,179,142,144,131,165,225,243
SH-Q4497_RaMP_DP05_MP4_D01,134,154,205,211,159,176,144,146,131,131,243,246
SH-Q4496_RaMP_DP05_MP4_B06,154,169,211,211,154,154,166,166,131,131,231,243
SH-Q4495_RaMP_DP05_MP4_F08,134,134,205,211,158,159,142,146,131,163,243,243
SH-Q4494_RaMP_DP05_MP4_G06,134,154,205,211,158,158,144,144,133,155,231,243
SH-Q4493_RaMP_DP05_MP4_E08,134,148,205,205,158,176,142,164,131,135,231,243
SH-Q4492_RaMP_DP05_MP4_E01,134,156,208,211,154,176,Unbinned peaks in locus,Unbinned peaks in locus,155,155,246,253
SH-Q4491_RaMP_DP05_MP4_C05,134,148,211,223,154,159,144,180,131,147,243,246
SH-Q4490_RaMP_DP05_MP4_D06,134,156,211,211,161,176,142,174,131,155,246,253
SH-Q4489_RaMP_DP05_MP4_C07,134,148,205,211,154,156,142,144,119,131,243,243
SH-Q4488_RaMP_DP05_MP4_D05,148,169,211,211,154,158,144,144,131,131,243,246
SH-Q4487_RaMP_DP05_MP4_F10,134,138,208,211,154,176,Unbinned peaks in locus,Unbinned peaks in locus,155,155,246,253
SH-Q4486_RaMP_DP05_MP4_B01,134,156,208,211,154,176,Unbinned peaks in locus,Unbinned peaks in locus,155,155,246,253
SH-Q4485_RaMP_DP05_MP4_G09,134,138,208,211,154,176,142,144,155,155,246,253
SH-Q4484_RaMP_DP05_MP4_A07,134,134,208,211,154,158,142,166,131,131,243,243
SH-Q4483_RaMP_DP05_MP4_F02,134,154,205,211,154,154,144,144,131,131,225,231
SH-Q4482_RaMP_DP05_MP4_C03,154,169,211,211,154,154,144,144,131,157,231,243
SH-Q4481_RaMP_DP05_MP4_G08,148,154,205,205,154,154,144,144,131,131,225,243
SH-Q4480_RaMP_DP05_MP4_D10,134,154,205,211,154,161,144,144,133,163,225,243
SH-Q4479_RaMP_DP05_MP4_A03,134,144,208,211,154,154,144,170,131,149,225,246
SH-Q4478_RaMP_DP05_MP4_F03,138,169,211,217,156,176,142,144,131,143,243,246
SH-Q4477_RaMP_DP05_MP4_B04,134,156,208,211,156,159,150,150,131,153,231,231
SH-Q4476_RaMP_DP05_MP4_H04,134,154,205,211,161,178,142,166,119,135,225,243
SH-Q4475_RaMP_DP05_MP4_D07,134,134,Too many alleles,Too many alleles,154,167,Too many alleles,Too many alleles,Too many alleles,Too many alleles,243,243
SH-Q4474_RaMP_DP05_MP4_D03,134,134,205,208,154,177,142,144,131,133,240,243
SH-Q4473_RaMP_DP05_MP4_G05,134,134,205,208,154,167,Unbinned peaks in locus,Unbinned peaks in locus,Too many alleles,Too many alleles,243,243
SH-Q4472_RaMP_DP05_MP4_E12,134,159,211,211,158,173,144,150,131,131,231,243
SH-Q4471_RaMP_DP05_MP4_A06,134,134,211,223,154,158,180,182,141,163,225,231
SH-Q4470_RaMP_DP05_MP4_B12,134,134,223,223,154,156,144,170,131,131,231,231
SH-Q4469_RaMP_DP05_MP4_C11,134,156,211,223,158,176,142,180,131,165,231,246
SH-Q4468_RaMP_DP05_MP4_D04,134,154,208,214,154,159,144,146,131,131,225,231
SH-Q4467_RaMP_DP05_MP4_E05,134,163,205,223,163,167,142,144,143,143,228,231
SH-Q4466_RaMP_DP05_MP4_C08,150,154,205,214,170,177,144,146,131,145,225,225
SH-Q4465_RaMP_DP05_MP4_C01,134,152,214,223,161,163,142,178,143,143,231,243
SH-Q4464_RaMP_DP05_MP4_A02,134,134,208,214,154,154,144,150,131,131,231,243
SH-Q4463_RaMP_DP05_MP4_A08,134,152,211,214,154,154,144,164,131,133,231,243
SH-Q4462_RaMP_DP04_MP4_D07,134,156,211,211,158,167,144,182,153,165,231,231
SH-Q4461_RaMP_DP04_MP4_F12,134,134,211,223,158,177,144,184,145,163,225,231
SH-Q4460_RaMP_DP04_MP4_E02,No peaks,No peaks,No peaks,No peaks,No peaks,No peaks,No peaks,No peaks,No peaks,No peaks,No peaks,No peaks
SH-Q4459_RaMP_DP04_MP4_A01,134,167,Too many alleles,Too many alleles,154,167,Peaks outside loci,Peaks outside loci,Too many alleles,Too many alleles,231,243
SH-Q4458_RaMP_DP04_MP4_B12,134,152,205,208,154,176,144,170,131,131,231,243
SH-Q4457_RaMP_DP04_MP4_B08,134,134,211,211,154,176,142,174,131,155,246,246
SH-Q4456_RaMP_DP04_MP4_D01,134,148,211,211,154,158,Unbinned peaks in locus,Unbinned peaks in locus,131,131,246,246
SH-Q4455_RaMP_DP04_MP4_F02,134,152,211,223,158,173,144,150,131,131,231,243
SH-Q4454_RaMP_DP04_MP4_C05,134,159,208,223,154,178,170,176,131,143,243,246
SH-Q4453_RaMP_DP04_MP4_F06,134,134,211,211,158,158,142,152,135,157,225,253
SH-Q4452_RaMP_DP04_MP4_B02,134,134,208,214,154,154,144,144,131,131,231,243
SH-Q4451_RaMP_DP04_MP4_F05,134,134,205,211,159,178,142,144,131,131,231,243
SH-Q4450_RaMP_DP04_MP4_D05,148,154,211,211,158,175,144,166,131,131,231,246
SH-Q4449_RaMP_DP04_MP4_B03,134,154,205,211,154,176,144,146,135,145,225,231
SH-Q4448_RaMP_DP04_MP4_F09,134,148,211,223,158,159,166,178,131,147,243,246
SH-Q4447_RaMP_DP04_MP4_G08,138,169,211,211,158,158,166,174,131,131,243,246
SH-Q4446_RaMP_DP04_MP4_C06,134,154,205,211,159,179,142,144,131,165,225,243
SH-Q4445_RaMP_DP04_MP4_H11,154,154,205,211,154,154,142,144,131,133,225,225
SH-Q4444_RaMP_DP04_MP4_D04,134,134,211,211,158,158,142,150,131,131,231,231
SH-Q4443_RaMP_DP04_MP4_E08,134,138,211,211,154,156,142,174,155,155,246,246
SH-Q4442_RaMP_DP04_MP4_E09,134,169,211,211,154,154,144,166,131,155,243,246
SH-Q4441_RaMP_DP04_MP4_E12,138,156,211,223,156,156,142,144,133,143,246,249
SH-Q4440_RaMP_DP04_MP4_C09,134,154,205,211,158,178,142,150,131,133,225,231
SH-Q4439_RaMP_DP04_MP4_B10,134,138,208,211,161,176,Unbinned peaks in locus,Unbinned peaks in locus,131,155,246,246
SH-Q4438_RaMP_DP04_MP4_C11,154,154,211,211,154,158,152,152,131,155,243,243
SH-Q4437_RaMP_DP04_MP4_C02,134,148,208,211,158,178,164,166,131,141,243,246
SH-Q4436_RaMP_DP04_MP4_B04,134,156,208,211,161,176,142,174,131,155,246,253
SH-Q4435_RaMP_DP04_MP4_F07,134,157,211,211,154,154,Unbinned peaks in locus,Unbinned peaks in locus,129,131,225,243
SH-Q4434_RaMP_DP04_MP4_H03,134,138,211,211,161,176,Unbinned peaks in locus,Unbinned peaks in locus,143,155,246,246
SH-Q4433_RaMP_DP04_MP4_B11,144,156,208,211,156,159,142,180,143,155,231,253
SH-Q4432_RaMP_DP04_MP4_G01,154,159,208,211,156,159,146,150,131,155,243,243
SH-Q4431_RaMP_DP04_MP4_H08,154,169,211,217,158,176,144,184,131,135,231,246
SH-Q4430_RaMP_DP04_MP4_C04,148,154,211,211,158,158,144,180,131,161,231,246
SH-Q4429_RaMP_DP04_MP4_A04,134,134,205,205,167,172,152,170,131,133,231,243
SH-Q4428_RaMP_DP04_MP4_E05,134,163,205,211,158,173,Unbinned peaks in locus,Unbinned peaks in locus,131,149,231,231
SH-Q4427_RaMP_DP04_MP4_G10,134,156,208,211,154,176,142,174,143,155,246,253
SH-Q4426_RaMP_DP04_MP4_A12,134,134,205,205,154,154,142,144,131,135,225,243
SH-Q4425_RaMP_DP04_MP4_G05,134,169,211,223,154,159,144,144,131,147,243,246
SH-Q4424_RaMP_DP04_MP4_A08,159,159,208,223,158,159,142,156,143,163,243,243
SH-Q4423_RaMP_DP04_MP4_H04,134,156,205,211,154,156,150,156,131,153,231,231
SH-Q4422_RaMP_DP04_MP4_F10,134,154,205,211,159,179,142,146,131,165,225,243
SH-Q4421_RaMP_DP04_MP4_F01,134,169,211,223,154,159,144,166,131,147,243,243
SH-Q4420_RaMP_DP04_MP4_A10,134,156,211,211,154,156,Unbinned peaks in locus,Unbinned peaks in locus,143,155,246,253
SH-Q4419_RaMP_DP04_MP4_D06,148,154,205,211,154,179,142,142,135,165,243,243
SH-Q4418_RaMP_DP04_MP4_E10,134,154,205,205,158,161,142,144,131,163,225,243
SH-Q4417_RaMP_DP04_MP4_A07,134,156,208,211,173,176,142,164,117,155,225,253
SH-Q4416_RaMP_DP04_MP4_G07,134,154,205,211,159,178,142,144,131,133,231,243
SH-Q4415_RaMP_DP04_MP4_C03,154,156,208,217,156,158,142,144,131,143,243,253
SH-Q4414_RaMP_DP04_MP4_A11,134,154,205,211,154,159,142,144,131,131,225,243
SH-Q4413_RaMP_DP04_MP4_D08,134,154,205,211,154,154,142,146,129,131,243,243
SH-Q4412_RaMP_DP04_MP4_D10,134,148,211,223,158,159,144,166,131,131,243,243
SH-Q4411_RaMP_DP04_MP4_A05,134,154,205,211,158,159,156,176,131,139,233,243
SH-Q4410_RaMP_DP04_MP4_E07,134,134,211,223,154,158,144,150,131,135,240,243
SH-Q4409_RaMP_DP04_MP4_G09,152,154,205,223,158,177,Unbinned peaks in locus,Unbinned peaks in locus,145,145,243,246
SH-Q4408_RaMP_DP04_MP4_C01,152,152,211,211,159,159,144,176,135,147,246,258
SH-Q4407_RaMP_DP04_MP4_H07,138,144,208,211,158,176,142,174,131,155,231,246
SH-Q4406_RaMP_DP04_MP4_G11,148,154,211,211,154,154,Peaks outside loci,Peaks outside loci,131,131,231,243
SH-Q4405_RaMP_DP04_MP4_G06,134,148,211,223,154,154,144,166,131,131,243,246
SH-Q4404_RaMP_DP04_MP4_E06,134,169,211,223,154,176,144,166,131,155,243,243
SH-Q4403_RaMP_DP04_MP4_C10,134,134,205,208,159,159,142,170,131,131,225,243
SH-Q4402_RaMP_DP04_MP4_F03,134,148,211,223,154,158,144,166,131,131,243,246
SH-Q4401_RaMP_DP04_MP4_H12,134,154,211,211,154,173,Unbinned peaks in locus,Unbinned peaks in locus,131,153,231,243
SH-Q4400_RaMP_DP04_MP4_A06,134,154,205,211,154,179,142,146,131,165,225,243
SH-Q4399_RaMP_DP04_MP4_C12,134,154,211,211,154,158,142,152,131,155,253,253
SH-Q4398_RaMP_DP04_MP4_B07,134,154,211,211,154,158,142,152,131,155,253,253
SH-Q4397_RaMP_DP04_MP4_H05,134,152,205,211,176,177,144,178,131,133,231,243
SH-Q4396_RaMP_DP04_MP4_F08,134,134,223,223,154,177,142,144,131,131,225,231
SH-Q4395_RaMP_DP04_MP4_A02,134,138,211,223,154,176,142,142,143,155,243,253
SH-Q4394_RaMP_DP04_MP4_D11,134,154,208,211,156,159,Unbinned peaks in locus,Unbinned peaks in locus,131,131,243,243
SH-Q4393_RaMP_DP04_MP4_H09,134,154,211,211,154,156,156,164,131,135,225,231
SH-Q4392_RaMP_DP04_MP4_D12,134,144,205,223,158,167,144,144,145,147,225,246
SH-Q4391_RaMP_DP04_MP4_B05,150,152,205,208,154,167,144,174,143,149,231,243
SH-Q4390_RaMP_DP04_MP4_H01,134,134,205,205,152,154,142,162,131,143,246,246
SH-Q4389_RaMP_DP04_MP4_H10,134,134,211,214,158,173,144,150,131,135,243,243
SH-Q4388_RaMP_DP04_MP4_D03,134,156,205,223,152,167,180,184,131,145,231,243
SH-Q4387_RaMP_DP04_MP4_G02,154,156,205,223,167,170,174,184,143,153,231,231
SH-Q4386_RaMP_DP04_MP4_C08,134,150,205,223,154,159,174,178,131,143,243,246
SH-Q4385_RaMP_DP04_MP4_E11,134,134,205,208,154,154,144,144,131,131,243,243
SH-Q4384_RaMP_DP04_MP4_E04,134,134,205,205,156,176,144,176,131,161,231,243
SH-Q4383_RaMP_DP04_MP4_D02,144,159,208,211,154,178,144,170,143,149,225,243
SH-Q4382_RaMP_DP04_MP4_H06,134,165,208,211,154,154,144,144,131,151,231,253
SH-Q4381_RaMP_DP04_MP4_E03,134,159,205,223,154,158,142,150,131,151,231,243
SH-Q4380_RaMP_DP04_MP4_B09,134,144,205,211,176,176,144,170,131,165,225,231
SH-Q4379_RaMP_DP04_MP4_B01,150,154,205,205,177,187,144,146,133,147,225,246
SH-Q4378_RaMP_DP04_MP4_G03,134,152,211,214,154,154,144,144,131,143,243,243
SH-Q4377_RaMP_DP04_MP4_G04,134,134,211,223,158,176,Peaks outside loci,Peaks outside loci,143,145,231,246
SH-Q4376_RaMP_DP04_MP4_G12,134,165,211,214,154,154,144,144,131,151,243,253
SH-Q4375_RaMP_DP04_MP4_A03,134,134,205,211,154,158,144,144,131,135,231,231
SH-Q4374_RaMP_DP03_MP4_H08,134,134,205,211,154,156,170,176,129,131,228,243
SH-Q4373_RaMP_DP03_MP4_A12,150,154,208,208,158,159,150,156,143,143,231,246
SH-Q4372_RaMP_DP03_MP4_E11,134,152,205,205,154,165,152,170,131,151,231,243
SH-Q4371_RaMP_DP03_MP4_B12,134,144,208,208,154,156,170,180,147,149,225,231
SH-Q4370_RaMP_DP03_MP4_D02,156,159,205,205,167,177,142,182,143,153,243,246
SH-Q4369_RaMP_DP03_MP4_G11,134,134,205,214,154,154,144,144,131,153,231,243
SH-Q4368_RaMP_DP03_MP4_E05,134,134,208,223,154,172,150,150,131,151,231,243
SH-Q4367_RaMP_DP03_MP4_B11,134,159,208,214,154,158,142,144,131,131,231,231
SH-Q4366_RaMP_DP03_MP4_G08,134,134,211,214,154,158,Unbinned peaks in locus,Unbinned peaks in locus,131,133,231,243
SH-Q4365_RaMP_DP03_MP4_F04,134,134,205,211,173,173,144,144,131,149,243,243
SH-Q4364_RaMP_DP03_MP4_H11,150,154,205,205,177,187,142,144,133,145,231,246
SH-Q4363_RaMP_DP03_MP4_B04,134,134,211,211,158,176,142,170,131,163,228,231
SH-Q4362_RaMP_DP03_MP4_B07,134,134,205,211,154,161,142,164,131,163,231,243
SH-Q4361_RaMP_DP03_MP4_H06,134,156,205,205,156,167,162,176,149,153,231,246
SH-Q4360_RaMP_DP03_MP4_B09,134,134,205,214,154,158,144,150,131,131,231,243
SH-Q4359_RaMP_DP03_MP4_D12,134,134,214,214,158,158,144,180,131,131,231,243
SH-Q4358_RaMP_DP03_MP4_H01,134,148,205,211,158,158,144,164,131,165,231,243
SH-Q4357_RaMP_DP03_MP4_G12,152,163,205,211,167,173,144,144,131,131,231,243
SH-Q4356_RaMP_DP03_MP4_G02,134,154,205,205,154,178,142,144,131,131,225,243
SH-Q4355_RaMP_DP03_MP4_F10,134,154,211,211,159,176,142,146,117,131,231,243
SH-Q4354_RaMP_DP03_MP4_G05,144,169,211,223,154,159,Peaks outside loci,Peaks outside loci,131,147,243,243
SH-Q4353_RaMP_DP03_MP4_E02,144,154,208,208,176,176,170,180,131,143,228,231
SH-Q4352_RaMP_DP03_MP4_F05,134,163,211,214,158,158,150,180,131,131,231,231
SH-Q4351_RaMP_DP03_MP4_F11,134,134,205,223,154,163,144,144,133,143,231,240
SH-Q4350_RaMP_DP03_MP4_H09,134,134,205,223,158,174,144,162,131,139,231,246
SH-Q4349_RaMP_DP03_MP4_G01,156,159,208,223,159,174,160,180,131,143,243,246
SH-Q4348_RaMP_DP03_MP4_B08,154,154,211,223,154,158,142,152,131,141,243,243
SH-Q4251_RaMP_DP03_MP4_A01,134,156,205,208,154,167,162,174,141,143,231,246
SH-Q4250_RaMP_DP03_MP4_C02,152,154,211,211,154,176,144,162,131,131,231,243
SH-Q4249_RaMP_DP03_MP4_H12,134,134,211,223,154,167,162,180,131,153,231,231
SH-Q4248_RaMP_DP03_MP4_C04,134,152,205,211,154,176,Peaks outside loci,Peaks outside loci,131,149,231,231
SH-Q4247_RaMP_DP03_MP4_D08,144,144,208,211,176,177,144,178,131,131,225,243
SH-Q4246_RaMP_DP03_MP4_B10,134,167,208,223,154,167,142,152,131,133,231,231
SH-Q4245_RaMP_DP03_MP4_A08,134,152,211,211,158,176,144,170,131,149,231,231
SH-Q4244_RaMP_DP03_MP4_C12,134,156,205,211,152,158,142,184,153,163,228,231
SH-Q4243_RaMP_DP03_MP4_G06,134,152,205,208,167,172,Unbinned peaks in locus,Unbinned peaks in locus,131,133,231,243
SH-Q4242_RaMP_DP03_MP4_C06,134,156,208,223,167,177,144,144,131,143,231,243
SH-Q4241_RaMP_DP03_MP4_E09,138,138,211,223,154,159,Unbinned peaks in locus,Unbinned peaks in locus,145,155,225,246
SH-Q4240_RaMP_DP03_MP4_E12,134,134,208,208,154,177,144,150,131,131,246,253
SH-Q4239_RaMP_DP03_MP4_C05,134,134,205,223,154,167,Unbinned peaks in locus,Unbinned peaks in locus,131,151,231,243
SH-Q4238_RaMP_DP03_MP4_D06,134,134,211,214,154,176,144,144,131,131,243,243
SH-Q4237_RaMP_DP03_MP4_C09,134,165,205,205,154,154,144,176,131,141,246,246
SH-Q4236_RaMP_DP03_MP4_E03,144,152,211,211,158,176,142,170,149,163,225,243
SH-Q4235_RaMP_DP03_MP4_B06,134,134,211,211,156,167,162,186,131,153,246,246
SH-Q4234_RaMP_DP03_MP4_D07,134,134,223,223,154,177,144,170,131,143,225,231
SH-Q4233_RaMP_DP03_MP4_G10,134,157,211,211,158,177,144,144,131,165,231,231
SH-Q4232_RaMP_DP03_MP4_B02,134,154,205,205,158,178,144,164,131,133,225,231
SH-Q4231_RaMP_DP03_MP4_H03,134,138,205,211,154,159,164,166,133,135,231,246
SH-Q4230_RaMP_DP03_MP4_D10,134,154,205,208,156,158,142,144,117,163,228,246
SH-Q4229_RaMP_DP03_MP4_H10,134,154,205,223,156,156,162,162,117,117,246,246
SH-Q4228_RaMP_DP03_MP4_F08,134,134,205,205,154,154,144,166,131,163,225,231
SH-Q4227_RaMP_DP03_MP4_H02,134,144,211,223,167,170,Peaks outside loci,Peaks outside loci,143,153,243,246
SH-Q4226_RaMP_DP03_MP4_D01,134,134,205,211,158,176,144,144,143,163,231,231
SH-Q4225_RaMP_DP03_MP4_C11,134,152,208,211,154,158,144,178,131,143,231,231
SH-Q4224_RaMP_DP03_MP4_E06,148,154,205,205,154,179,144,164,131,165,225,243
SH-Q4223_RaMP_DP03_MP4_A06,134,154,205,211,158,163,144,144,131,143,225,231
SH-Q4222_RaMP_DP03_MP4_G07,138,169,211,223,154,178,142,144,117,131,243,246
SH-Q4221_RaMP_DP03_MP4_E01,154,154,205,205,158,178,146,170,119,165,243,243
SH-Q4220_RaMP_DP03_MP4_B05,154,154,205,205,154,154,144,164,131,133,225,225
SH-Q4219_RaMP_DP03_MP4_A07,134,154,205,211,154,177,Peaks outside loci,Peaks outside loci,143,145,225,243
SH-Q4218_RaMP_DP03_MP4_A03,134,154,205,205,154,154,164,164,131,131,225,225
SH-Q4217_RaMP_DP03_MP4_H07,134,148,205,205,158,179,142,164,131,133,231,243
SH-Q4216_RaMP_DP03_MP4_C08,154,154,205,205,154,154,144,164,131,131,225,231
SH-Q4215_RaMP_DP03_MP4_D11,134,148,211,211,154,154,144,174,131,131,246,246
SH-Q4214_RaMP_DP03_MP4_F03,134,134,208,223,173,176,142,144,143,157,231,243
SH-Q4213_RaMP_DP03_MP4_G04,154,154,205,211,154,154,144,144,131,165,225,225
SH-Q4212_RaMP_DP03_MP4_C03,154,159,208,223,159,174,Peaks outside loci,Peaks outside loci,131,143,243,246
SH-Q4211_RaMP_DP03_MP4_C07,134,152,211,211,158,161,144,178,131,153,243,243
SH-Q4210_RaMP_DP03_MP4_F07,134,134,211,211,158,158,144,144,147,149,240,243
SH-Q4209_RaMP_DP03_MP4_G09,134,134,211,214,154,176,144,164,133,135,231,240
SH-Q4208_RaMP_DP03_MP4_F02,134,152,205,208,167,172,144,152,131,133,231,243
SH-Q4207_RaMP_DP03_MP4_H04,154,154,208,223,174,176,162,162,117,143,246,246
SH-Q4206_RaMP_DP03_MP4_D03,134,134,208,223,154,158,144,182,147,163,231,231
SH-Q4205_RaMP_DP03_MP4_A04,154,156,208,211,158,167,142,144,131,163,231,243
SH-Q4204_RaMP_DP03_MP4_C01,134,154,205,205,154,154,144,164,131,131,225,231
SH-Q4203_RaMP_DP03_MP4_A02,134,134,211,211,154,173,144,150,131,151,243,243
SH-Q4202_RaMP_DP03_MP4_D04,134,154,211,211,158,177,144,170,131,165,231,246
SH-Q4201_RaMP_DP03_MP4_D05,148,165,208,223,154,158,Peaks outside loci,Peaks outside loci,131,143,225,253
SH-Q4200_RaMP_DP03_MP4_H05,134,154,205,205,154,154,144,144,131,131,225,231
SH-Q4199_RaMP_DP03_MP4_F01,134,154,208,211,154,158,142,150,131,135,231,243
SH-Q4198_RaMP_DP03_MP4_F12,134,148,205,211,154,154,142,144,131,131,231,243
SH-Q4197_RaMP_DP03_MP4_A09,134,154,211,211,158,176,144,170,131,153,231,243
SH-Q4196_RaMP_DP03_MP4_A10,134,159,211,214,154,158,142,164,131,151,231,243
SH-Q4195_RaMP_DP03_MP4_E10,134,134,208,211,154,154,142,144,131,131,243,243
SH-Q4194_RaMP_DP03_MP4_A05,134,154,205,205,154,158,146,170,145,165,225,225
SH-Q4193_RaMP_DP03_MP4_E04,134,154,205,211,156,178,142,156,119,133,225,231
SH-Q4192_RaMP_DP03_MP4_F09,134,148,205,211,158,158,142,164,131,165,231,243
SH-Q4191_RaMP_DP03_MP4_B03,134,134,208,214,154,154,144,144,131,143,231,231
SH-Q4190_RaMP_DP02_MP4_A04,134,156,211,211,154,174,162,180,131,131,246,246
SH-Q4189_RaMP_DP02_MP4_A06,154,154,205,211,173,178,142,164,119,165,225,243
SH-Q4188_RaMP_DP02_MP4_C09,134,154,211,214,154,154,142,144,131,131,225,243
SH-Q4187_RaMP_DP02_MP4_F08,134,154,205,205,158,158,142,144,131,165,225,231
SH-Q4186_RaMP_DP02_MP4_F03,134,134,205,205,158,176,144,164,133,135,231,231
SH-Q4185_RaMP_DP02_MP4_E08,134,154,211,211,154,178,144,174,131,143,231,231
SH-Q4184_RaMP_DP02_MP4_C07,152,163,211,211,161,173,142,150,131,153,231,243
SH-Q4183_RaMP_DP02_MP4_G05,134,134,211,214,154,177,144,144,131,131,231,243
SH-Q4182_RaMP_DP02_MP4_H10,154,154,211,223,156,167,162,182,117,153,231,246
SH-Q4181_RaMP_DP02_MP4_H05,134,134,211,214,154,176,144,144,131,133,243,243
SH-Q4180_RaMP_DP02_MP4_C02,134,134,205,211,158,158,144,150,131,131,231,243
SH-Q4179_RaMP_DP02_MP4_F02,154,154,211,223,154,175,142,144,131,157,231,249
SH-Q4178_RaMP_DP02_MP4_C08,148,169,211,211,154,158,166,166,131,131,243,246
SH-Q4177_RaMP_DP02_MP4_A07,134,165,208,211,154,176,144,178,131,143,231,253
SH-Q4176_RaMP_DP02_MP4_D05,134,134,211,223,176,177,144,144,131,143,231,243
SH-Q4175_RaMP_DP02_MP4_B08,134,134,205,211,158,158,144,150,131,131,231,243
SH-Q4174_RaMP_DP02_MP4_D11,134,154,205,223,152,177,180,184,143,143,231,246
SH-Q4173_RaMP_DP02_MP4_E03,134,134,205,208,154,154,144,178,131,131,231,243
SH-Q4172_RaMP_DP02_MP4_D10,134,165,208,211,158,176,144,144,131,143,231,253
SH-Q4171_RaMP_DP02_MP4_C06,138,148,205,211,158,158,144,144,131,143,246,249
SH-Q4170_RaMP_DP02_MP4_A10,134,134,208,208,154,154,144,178,131,131,231,243
SH-Q4169_RaMP_DP02_MP4_D01,154,159,211,223,177,178,144,184,143,145,231,243
SH-Q4168_RaMP_DP02_MP4_B12,134,167,208,208,167,177,142,150,131,153,228,253
SH-Q4167_RaMP_DP02_MP4_H02,154,154,208,223,156,167,146,162,131,153,246,246
SH-Q4166_RaMP_DP02_MP4_C12,134,134,205,211,158,176,144,170,143,165,228,231
SH-Q4165_RaMP_DP02_MP4_G12,134,154,208,211,156,177,176,176,131,143,231,246
SH-Q4164_RaMP_DP02_MP4_G03,134,159,223,223,167,176,144,174,143,143,243,246
SH-Q4163_RaMP_DP02_MP4_A03,134,134,205,223,154,163,144,150,143,151,231,231
SH-Q4162_RaMP_DP02_MP4_H12,134,138,211,211,154,173,142,164,153,163,225,246
SH-Q4161_RaMP_DP02_MP4_F11,134,134,211,223,154,173,144,144,131,143,231,243
SH-Q4160_RaMP_DP02_MP4_C01,150,156,223,223,154,177,178,182,131,153,246,246
SH-Q4159_RaMP_DP02_MP4_E10,134,165,208,208,154,176,144,144,131,131,243,253
SH-Q4158_RaMP_DP02_MP4_E11,134,134,211,214,158,158,144,144,143,147,231,243
SH-Q4157_RaMP_DP02_MP4_H09,134,134,205,208,159,167,150,182,143,153,246,246
SH-Q4156_RaMP_DP02_MP4_G07,134,134,208,211,167,167,146,180,143,153,228,231
SH-Q4155_RaMP_DP02_MP4_C05,134,134,205,223,176,178,142,144,131,143,231,243
SH-Q4154_RaMP_DP02_MP4_F01,134,154,205,205,154,179,142,142,131,165,225,231
SH-Q4153_RaMP_DP02_MP4_G08,134,167,208,223,158,158,142,144,131,143,231,231
SH-Q4152_RaMP_DP02_MP4_D07,134,152,208,211,154,154,144,178,131,133,231,243
SH-Q4151_RaMP_DP02_MP4_F09,134,156,211,223,176,177,Unbinned peaks in locus,Unbinned peaks in locus,131,145,243,246
SH-Q4150_RaMP_DP02_MP4_G10,154,169,211,211,158,158,166,166,131,145,231,243
SH-Q4149_RaMP_DP02_MP4_B07,134,152,205,211,161,173,150,150,131,143,231,243
SH-Q4148_RaMP_DP02_MP4_G04,138,138,208,211,176,176,142,142,131,155,246,246
SH-Q4147_RaMP_DP02_MP4_B04,144,154,205,223,176,176,176,184,131,143,225,225
SH-Q4146_RaMP_DP02_MP4_E09,134,152,211,211,167,176,146,170,131,153,231,243
SH-Q4145_RaMP_DP02_MP4_C11,134,154,208,211,156,167,144,182,117,153,246,246
SH-Q4144_RaMP_DP02_MP4_A11,134,154,205,211,152,176,176,182,143,145,231,246
SH-Q4143_RaMP_DP02_MP4_B05,144,154,223,223,170,177,150,184,131,143,231,243
SH-Q4142_RaMP_DP02_MP4_H04,134,134,208,211,154,158,142,144,143,151,231,231
SH-Q4141_RaMP_DP02_MP4_H03,134,156,223,223,167,176,144,144,145,163,231,246
SH-Q4140_RaMP_DP02_MP4_D12,134,154,205,211,156,177,144,184,145,165,231,246
SH-Q4139_RaMP_DP02_MP4_C04,134,134,211,214,154,154,144,178,131,131,231,243
SH-Q4138_RaMP_DP02_MP4_F06,134,134,208,223,163,173,142,144,143,157,231,243
SH-Q4137_RaMP_DP02_MP4_B01,154,169,211,211,154,158,166,166,131,159,231,243
SH-Q4136_RaMP_DP02_MP4_F05,134,134,211,223,158,176,144,150,131,149,231,243
SH-Q4135_RaMP_DP02_MP4_E12,154,154,208,223,154,174,162,170,129,139,246,246
SH-Q4134_RaMP_DP02_MP4_B09,156,159,211,223,174,176,144,144,131,143,243,246
SH-Q4133_RaMP_DP02_MP4_B11,134,156,208,211,174,177,144,150,131,143,246,246
SH-Q4132_RaMP_DP02_MP4_D08,134,134,205,208,156,167,146,162,117,129,228,246
SH-Q4131_RaMP_DP02_MP4_G02,134,163,205,211,158,173,144,144,131,131,231,243
SH-Q4130_RaMP_DP02_MP4_E01,134,134,205,208,154,172,144,152,131,133,243,243
SH-Q4129_RaMP_DP02_MP4_H06,134,134,205,208,154,167,146,162,153,153,228,246
SH-Q4128_RaMP_DP02_MP4_E05,134,156,208,211,154,158,144,182,131,163,231,231
SH-Q4127_RaMP_DP02_MP4_A12,134,154,205,223,158,176,144,176,131,143,231,231
SH-Q4126_RaMP_DP02_MP4_A09,134,134,205,205,154,176,170,176,131,131,231,246
SH-Q4125_RaMP_DP02_MP4_A01,144,156,211,211,159,176,142,164,131,155,231,253
SH-Q4124_RaMP_DP02_MP4_D06,134,154,211,214,154,154,144,178,131,133,231,243
SH-Q4123_RaMP_DP02_MP4_H11,134,154,205,211,154,173,142,144,129,143,231,231
SH-Q4122_RaMP_DP02_MP4_H07,144,156,211,211,159,176,142,164,131,155,231,253
SH-Q4121_RaMP_DP02_MP4_D03,138,144,208,211,154,158,142,174,131,155,231,246
SH-Q4120_RaMP_DP02_MP4_F10,134,134,205,223,156,176,144,176,117,131,246,246
SH-Q4119_RaMP_DP02_MP4_C10,134,163,211,214,173,177,144,178,131,159,231,243
SH-Q4118_RaMP_DP02_MP4_A08,150,156,205,223,158,159,144,174,143,163,231,246
SH-Q4117_RaMP_DP02_MP4_B06,144,156,211,211,159,176,142,178,155,155,231,253
SH-Q4116_RaMP_DP02_MP4_H08,134,134,208,211,154,154,144,178,131,151,231,231
SH-Q4115_RaMP_DP02_MP4_D04,134,163,211,211,158,177,144,178,131,159,243,243
SH-Q4114_RaMP_DP02_MP4_A02,134,134,211,214,177,177,142,176,143,159,243,243
SH-Q4113_RaMP_DP02_MP4_B10,150,159,211,211,158,159,144,156,143,153,243,246
SH-Q4112_RaMP_DP02_MP4_E02,144,148,211,211,154,159,166,180,131,131,231,246
SH-Q4111_RaMP_DP02_MP4_F12,134,156,205,211,154,167,182,186,143,153,231,231
SH-Q4110_RaMP_DP02_MP4_G11,134,154,205,205,154,158,146,150,133,145,225,231
SH-Q4109_RaMP_DP02_MP4_E04,154,156,211,211,152,177,162,176,145,153,231,231
SH-Q4108_RaMP_DP02_MP4_D02,134,134,211,214,173,176,144,144,131,143,231,243
SH-Q4107_RaMP_DP02_MP4_F07,134,134,205,205,154,159,160,176,131,143,246,246
SH-Q4106_RaMP_DP02_MP4_B03,154,154,208,223,156,159,144,160,117,143,231,246
SH-Q4105_RaMP_DP02_MP4_G09,134,154,205,211,159,176,150,164,131,135,231,243
SH-Q4104_RaMP_DP02_MP4_E06,154,154,205,205,154,178,142,166,131,133,225,243
SH-Q4103_RaMP_DP02_MP4_G01,134,163,211,211,154,173,144,150,131,133,231,243
SH-Q4102_RaMP_DP01_MP4_A02,134,154,205,211,173,178,144,170,131,153,225,225
SH-Q4101_RaMP_DP01_MP4_B11,134,134,208,214,154,173,144,144,131,151,231,243
SH-Q4100_RaMP_DP01_MP4_C07,134,154,211,223,167,176,144,170,131,131,231,243
SH-Q4099_RaMP_DP01_MP4_E05,134,134,211,223,173,176,142,150,131,143,231,243
SH-Q4098_RaMP_DP01_MP4_H07,134,156,208,211,167,167,144,144,143,143,231,246
SH-Q4097_RaMP_DP01_MP4_A05,134,134,205,205,152,158,162,170,145,165,231,246
SH-Q4096_RaMP_DP01_MP4_A03,134,134,223,223,176,177,144,144,131,135,231,240
SH-Q4095_RaMP_DP01_MP4_D06,134,152,205,208,167,176,144,146,153,165,231,243
SH-Q4094_RaMP_DP01_MP4_E04,134,165,205,208,154,176,144,152,131,151,243,253
SH-Q4093_RaMP_DP01_MP4_H09,134,157,208,211,154,158,144,164,131,131,243,243
SH-Q4092_RaMP_DP01_MP4_G03,134,134,208,211,154,158,144,150,131,131,231,243
SH-Q4091_RaMP_DP01_MP4_B03,134,154,205,211,158,176,150,164,131,165,243,243
SH-Q4090_RaMP_DP01_MP4_C08,134,144,211,211,150,176,142,164,131,135,231,243
SH-Q4089_RaMP_DP01_MP4_A06,134,156,211,223,156,167,144,180,117,143,231,246
SH-Q4088_RaMP_DP01_MP4_G04,134,134,211,211,167,176,162,186,143,153,225,246
SH-Q4087_RaMP_DP01_MP4_H10,150,159,208,223,154,159,144,160,143,145,243,246
SH-Q4086_RaMP_DP01_MP4_E09,134,159,211,223,154,158,142,164,131,151,231,243
SH-Q4085_RaMP_DP01_MP4_G01,134,134,205,208,165,167,144,152,131,133,231,243
SH-Q4084_RaMP_DP01_MP4_C03,134,134,214,223,158,176,144,144,135,147,240,243
SH-Q4083_RaMP_DP01_MP4_E12,134,152,205,205,154,177,142,150,133,133,231,231
SH-Q4082_RaMP_DP01_MP4_C12,134,159,211,223,154,158,142,164,131,151,231,243
SH-Q4081_RaMP_DP01_MP4_G02,134,134,Too many alleles,Too many alleles,Too many alleles,Too many alleles,Too many alleles,Too many alleles,Too many alleles,Too many alleles,243,243
SH-Q4080_RaMP_DP01_MP4_G11,134,154,205,208,159,176,142,156,131,143,231,231
SH-Q4079_RaMP_DP01_MP4_F10,154,154,205,205,154,158,146,164,145,153,225,243
SH-Q4078_RaMP_DP01_MP4_D09,134,154,211,223,167,174,144,162,139,153,246,246
SH-Q4077_RaMP_DP01_MP4_F04,154,156,205,208,154,156,142,146,131,145,225,225
SH-Q4076_RaMP_DP01_MP4_F11,134,154,211,211,154,158,144,164,131,131,243,243
SH-Q4075_RaMP_DP01_MP4_E11,134,134,208,211,158,176,142,144,131,135,231,231
SH-Q4074_RaMP_DP01_MP4_B10,134,134,208,211,154,163,144,150,131,155,231,231
SH-Q4073_RaMP_DP01_MP4_B06,134,134,211,214,154,154,144,164,131,133,231,243
SH-Q4072_RaMP_DP01_MP4_E10,134,134,208,214,154,154,144,150,131,151,231,243
SH-Q4071_RaMP_DP01_MP4_H01,134,134,211,211,163,173,144,144,131,155,231,243
SH-Q4070_RaMP_DP01_MP4_B04,134,134,214,223,158,163,144,144,143,143,231,243
SH-Q4069_RaMP_DP01_MP4_F08,134,134,208,208,154,158,144,144,131,131,231,243
SH-Q4068_RaMP_DP01_MP4_E01,134,134,205,208,152,176,144,162,143,143,246,246
SH-Q4067_RaMP_DP01_MP4_G05,134,165,211,211,154,158,178,178,143,151,231,253
SH-Q4066_RaMP_DP01_MP4_G06,134,134,214,223,158,173,142,144,131,131,231,243
SH-Q4065_RaMP_DP01_MP4_A04,134,163,211,223,158,176,144,150,131,143,231,231
SH-Q4064_RaMP_DP01_MP4_D12,134,134,205,208,154,154,144,150,131,131,231,243
SH-Q4063_RaMP_DP01_MP4_B07,134,156,205,214,158,161,144,178,131,153,231,243
SH-Q4062_RaMP_DP01_MP4_A07,134,163,211,214,158,173,144,144,131,143,231,243
SH-Q4061_RaMP_DP01_MP4_A08,134,134,205,214,158,173,144,144,131,143,243,243
SH-Q4060_RaMP_DP01_MP4_D05,134,134,211,211,154,154,144,178,143,151,231,253
SH-Q4059_RaMP_DP01_MP4_F05,134,134,205,211,158,173,144,144,131,131,231,243
SH-Q4058_RaMP_DP01_MP4_B12,134,165,208,211,154,158,178,178,133,143,231,253
SH-Q4057_RaMP_DP01_MP4_E08,152,163,211,214,161,173,144,150,131,143,231,231
SH-Q4056_RaMP_DP01_MP4_F09,134,134,208,223,154,158,142,150,131,133,231,243
SH-Q4055_RaMP_DP01_MP4_F02,134,159,208,211,154,158,144,164,151,151,243,243
SH-Q4054_RaMP_DP01_MP4_D10,134,134,208,214,154,173,144,150,131,151,243,243
SH-Q4053_RaMP_DP01_MP4_D01,134,156,205,211,152,176,162,180,143,145,231,246
SH-Q4052_RaMP_DP01_MP4_D08,134,134,211,214,154,154,144,178,131,133,231,231
SH-Q4051_RaMP_DP01_MP4_G07,152,154,211,211,156,167,144,146,131,143,243,243
SH-Q4050_RaMP_DP01_MP4_B01,134,152,208,208,167,167,146,146,129,143,228,243
SH-Q4049_RaMP_DP01_MP4_A11,134,152,211,214,176,177,142,178,131,143,240,243
SH-Q4048_RaMP_DP01_MP4_B02,134,134,205,208,154,159,144,160,131,143,246,246
SH-Q4047_RaMP_DP01_MP4_H03,134,163,208,214,154,173,144,150,131,131,231,231
SH-Q4046_RaMP_DP01_MP4_C06,134,134,205,205,154,178,144,144,131,135,225,231
SH-Q4045_RaMP_DP01_MP4_F03,134,157,205,223,158,177,144,174,131,163,231,231
SH-Q4044_RaMP_DP01_MP4_F12,134,156,211,223,167,167,144,144,143,143,231,246
SH-Q4043_RaMP_DP01_MP4_D11,134,167,208,211,154,158,142,178,131,131,231,231
SH-Q4042_RaMP_DP01_MP4_C01,154,169,211,211,158,158,144,166,131,145,231,243
SH-Q4041_RaMP_DP01_MP4_B09,134,134,223,223,167,176,144,144,143,145,231,246
SH-Q4040_RaMP_DP01_MP4_E02,134,134,208,223,163,177,142,144,131,143,231,231
SH-Q4039_RaMP_DP01_MP4_G08,134,134,214,223,154,163,142,144,131,143,231,243
SH-Q4038_RaMP_DP01_MP4_C10,134,134,205,223,163,177,142,144,131,143,231,243
SH-Q4037_RaMP_DP01_MP4_C09,134,163,211,223,173,176,142,144,131,143,231,231
SH-Q4036_RaMP_DP01_MP4_B05,163,163,214,223,173,177,144,144,131,131,228,231
SH-Q4035_RaMP_DP01_MP4_H06,134,152,211,211,158,158,150,164,131,143,231,243
SH-Q4034_RaMP_DP01_MP4_B08,134,134,211,211,176,176,144,170,131,143,228,231
SH-Q4033_RaMP_DP01_MP4_D07,134,134,208,223,154,158,144,144,131,147,231,231
SH-Q4032_RaMP_DP01_MP4_D03,134,134,205,208,154,154,144,178,131,131,231,243
SH-Q4031_RaMP_DP01_MP4_C02,152,157,214,223,158,161,142,178,131,143,243,243
SH-Q4030_RaMP_DP01_MP4_F01,134,134,214,223,158,176,144,150,131,135,240,243
SH-Q4029_RaMP_DP01_MP4_E06,134,165,208,214,154,158,144,150,131,131,243,253
SH-Q4028_RaMP_DP01_MP4_G12,134,134,211,211,158,176,144,146,131,163,228,231
SH-Q4027_RaMP_DP01_MP4_H05,154,159,205,205,156,167,144,144,131,139,243,246
SH-Q4026_RaMP_DP01_MP4_A09,134,152,Too many alleles,Too many alleles,Too many alleles,Too many alleles,Too many alleles,Too many alleles,Too many alleles,Too many alleles,231,243
SH-Q4025_RaMP_DP01_MP4_H08,134,134,205,208,158,176,142,144,131,163,228,231
SH-Q4024_RaMP_DP01_MP4_D02,134,159,205,208,154,158,160,174,131,153,231,231
SH-Q4023_RaMP_DP01_MP4_C11,134,152,205,208,Too many alleles,Too many alleles,Too many alleles,Too many alleles,Too many alleles,Too many alleles,231,243
SH-Q4022_RaMP_DP01_MP4_H02,134,134,208,223,154,163,144,144,131,143,231,231
SH-Q4021_RaMP_DP01_MP4_D04,134,134,205,208,158,176,144,178,131,133,231,243
SH-Q4020_RaMP_DP01_MP4_G09,134,134,205,214,154,158,150,150,131,131,243,243
SH-Q4019_RaMP_DP01_MP4_F07,134,154,214,223,154,177,142,144,131,131,225,231
SH-Q4018_RaMP_DP01_MP4_A10,134,163,205,211,173,173,144,150,131,149,231,243
SH-Q4017_RaMP_DP01_MP4_H11,134,144,205,205,158,176,170,176,131,165,225,231
SH-Q4016_RaMP_DP01_MP4_A12,134,154,211,211,154,177,144,184,131,145,231,231
SH-Q4015_RaMP_DP01_MP4_H04,134,134,208,211,154,154,144,144,131,131,231,243
SH-Q4014_RaMP_DP01_MP4_H12,134,156,211,211,167,176,180,182,143,143,228,231
SH-Q4013_RaMP_DP01_MP4_E03,134,156,208,211,152,158,142,162,153,153,228,231
SH-Q4012_RaMP_DP01_MP4_F06,152,156,211,211,167,167,180,182,143,153,231,243
SH-Q4011_RaMP_DP01_MP4_C05,134,134,208,214,154,154,144,150,131,151,243,243
DUP_SH-Q4415_RaMP_DP05_MP4_H09,154,156,208,217,156,158,142,144,131,143,243,253
DUP_SH-Q4389_RaMP_DP05_MP4_F09,134,134,211,214,158,173,144,150,131,135,243,243
DUP_SH-Q4219_RaMP_DP04_MP4_E01,134,154,205,211,154,177,146,166,143,145,225,243
DUP_SH-Q4212_RaMP_DP05_MP4_G02,154,159,208,223,159,174,144,160,131,143,243,246
DUP_SH-Q4196_RaMP_DP04_MP4_F11,134,159,211,214,154,158,142,164,131,151,231,243
DUP_SH-Q4099_RaMP_DP03_MP4_E07,134,134,211,223,173,176,142,150,131,143,231,243
DUP_SH-Q4091_RaMP_DP02_MP4_G06,134,154,205,211,158,176,150,164,131,165,243,243
DUP_SH-Q4087_RaMP_DP03_MP4_B01,150,159,208,223,154,159,144,160,143,145,243,246
DUP_SH-Q4072_RaMP_DP02_MP4_F04,134,154,208,214,154,154,144,150,131,151,231,243
DUP_SH-Q4071_RaMP_DP04_MP4_C07,134,134,211,211,163,173,144,144,131,155,231,243
DUP_SH-Q4065_RaMP_DP03_MP4_D09,134,163,211,223,158,176,Peaks outside loci,Peaks outside loci,131,143,231,231
DUP_SH-Q4062_RaMP_DP04_MP4_A09,134,163,211,214,158,173,144,144,131,143,231,243
DUP_SH-Q4049_RaMP_DP02_MP4_B02,134,152,211,214,176,177,142,178,131,143,240,243
DUP_SH-Q4045_RaMP_DP02_MP4_D09,134,157,205,223,158,177,144,174,131,163,231,231
DUP_SH-Q4039_RaMP_DP05_MP4_F11,134,134,214,223,154,163,142,144,131,143,231,243
DUP_SH-Q4022_RaMP_DP03_MP4_E08,134,134,208,223,154,163,144,144,131,143,231,231
BLANK_RaMP_DP05_MP4_G10,No peaks,No peaks,No peaks,No peaks,No peaks,No peaks,No peaks,No peaks,No peaks,No peaks,No peaks,No peaks
BLANK_RaMP_DP05_MP4_C06,No peaks,No peaks,No peaks,No peaks,No peaks,No peaks,No peaks,No peaks,No peaks,No peaks,No peaks,No peaks
BLANK_RaMP_DP05_MP4_B08,No peaks,No peaks,No peaks,No peaks,No peaks,No peaks,No peaks,No peaks,No peaks,No peaks,No peaks,No peaks
BLANK_RaMP_DP05_MP4_A04,No peaks,No peaks,No peaks,No peaks,No peaks,No peaks,No peaks,No peaks,No peaks,No peaks,No peaks,No peaks
BLANK_RaMP_DP04_MP4_H02,Peaks outside loci,Peaks outside loci,Peaks outside loci,Peaks outside loci,No peaks,No peaks,No peaks,No peaks,No peaks,No peaks,No peaks,No peaks
BLANK_RaMP_DP04_MP4_F04,Peaks outside loci,Peaks outside loci,Peaks outside loci,Peaks outside loci,No peaks,No peaks,No peaks,No peaks,No peaks,No peaks,No peaks,No peaks
BLANK_RaMP_DP04_MP4_D09,Peaks outside loci,Peaks outside loci,Peaks outside loci,Peaks outside loci,No peaks,No peaks,No peaks,No peaks,No peaks,No peaks,No peaks,No peaks
BLANK_RaMP_DP04_MP4_B06,Peaks outside loci,Peaks outside loci,Peaks outside loci,Peaks outside loci,No peaks,No peaks,No peaks,No peaks,No peaks,No peaks,No peaks,No peaks
BLANK_RaMP_DP03_MP4_G03,No peaks,No peaks,No peaks,No peaks,No peaks,No peaks,No peaks,No peaks,No peaks,No peaks,No peaks,No peaks
BLANK_RaMP_DP03_MP4_F06,No peaks,No peaks,No peaks,No peaks,No peaks,No peaks,No peaks,No peaks,No peaks,No peaks,No peaks,No peaks
BLANK_RaMP_DP03_MP4_C10,No peaks,No peaks,No peaks,No peaks,No peaks,No peaks,No peaks,No peaks,No peaks,No peaks,No peaks,No peaks
BLANK_RaMP_DP03_MP4_A11,No peaks,No peaks,No peaks,No peaks,No peaks,No peaks,No peaks,No peaks,No peaks,No peaks,No peaks,No peaks
BLANK_RaMP_DP02_MP4_H01,No peaks,No peaks,No peaks,No peaks,No peaks,No peaks,No peaks,No peaks,No peaks,No peaks,No peaks,No peaks
BLANK_RaMP_DP02_MP4_E07,No peaks,No peaks,No peaks,No peaks,No peaks,No peaks,No peaks,No peaks,No peaks,No peaks,No peaks,No peaks
BLANK_RaMP_DP02_MP4_C03,No peaks,No peaks,No peaks,No peaks,No peaks,No peaks,No peaks,No peaks,No peaks,No peaks,No peaks,No peaks
BLANK_RaMP_DP02_MP4_A05,No peaks,No peaks,No peaks,No peaks,No peaks,No peaks,No peaks,No peaks,No peaks,No peaks,No peaks,No peaks
BLANK_RaMP_DP01_MP4_G10,No peaks,No peaks,No peaks,No peaks,No peaks,No peaks,No peaks,No peaks,No peaks,No peaks,No peaks,No peaks
BLANK_RaMP_DP01_MP4_E07,No peaks,No peaks,No peaks,No peaks,No peaks,No peaks,No peaks,No peaks,No peaks,No peaks,No peaks,No peaks
BLANK_RaMP_DP01_MP4_C04,No peaks,No peaks,No peaks,No peaks,No peaks,No peaks,No peaks,No peaks,No peaks,No peaks,No peaks,No peaks
BLANK_RaMP_DP01_MP4_A01,No peaks,No peaks,No peaks,No peaks,No peaks,No peaks,No peaks,No peaks,No peaks,No peaks,No peaks,No peaks


