Name,generation,DP_num,QUVA 07_187 (ALEXA) - 1,QUVA 07_187 (ALEXA) - 2,QUVA 02_127 - 1,QUVA 02_127 - 2,QUVA 03_250 - 1,QUVA 03_250 - 2,QUVA 02_876 (ALEXA) - 1,QUVA 02_876 (ALEXA) - 2,QUVA 03_284 (ALEXA) - 1,QUVA 03_284 (ALEXA) - 2,QUVA 02_774 (ALEXA) - 1,QUVA 02_774 (ALEXA) - 2,QUVA 02_829 (ALEXA) - 1,QUVA 02_829 (ALEXA) - 2,QUVA 03_101 (ALEXA) - 1,QUVA 03_101 (ALEXA) - 2,QUVA 05_282 (ALEXA) - 1,QUVA 05_282 (ALEXA) - 2,QUVA 05_468 (ALEXA) - 1,QUVA 05_468 (ALEXA) - 2,QUVA 02_754 (ALEXA) - 1,QUVA 02_754 (ALEXA) - 2,num_loci_polyploid
SH-Q4011,2022,DP01,164,196,127,127,204,224,106,118,Too many alleles,Too many alleles,182,184,134,134,208,214,154,154,131,151,243,243,1
SH-Q4054,2022,DP01,172,196,127,127,222,224,106,106,Too many alleles,Too many alleles,182,184,134,134,208,214,154,173,131,151,243,243,1
SH-Q4073,2022,DP01,164,166,127,130,222,224,106,118,Too many alleles,Too many alleles,182,202,134,134,211,214,154,154,131,133,231,243,1
SH-Q4084,2022,DP01,Too many alleles,Too many alleles,127,139,204,222,116,118,184,184,168,182,134,134,214,223,158,176,135,147,240,243,1
SH-Q4085,2022,DP01,156,164,127,136,222,222,106,124,184,184,Too many alleles,Too many alleles,134,134,205,208,165,167,131,133,231,243,1
SH-Q4092,2022,DP01,Too many alleles,Too many alleles,127,130,204,222,106,106,174,184,182,204,134,134,208,211,154,158,131,131,231,243,1
SH-Q4113,2022,DP02,Too many alleles,Too many alleles,118,139,204,222,116,124,172,174,160,172,150,159,211,211,158,159,143,153,243,246,1
SH-Q4121,2022,DP02,Too many alleles,Too many alleles,118,118,204,224,124,124,176,184,182,208,138,144,208,211,154,158,131,155,231,246,1
SH-Q4125,2022,DP02,Too many alleles,Too many alleles,124,127,204,222,124,124,184,194,182,196,144,156,211,211,159,176,131,155,231,253,1
SH-Q4128,2022,DP02,Too many alleles,Too many alleles,127,139,222,224,118,118,174,182,172,174,134,156,208,211,154,158,131,163,231,231,1
SH-Q4131,2022,DP02,Too many alleles,Too many alleles,124,127,204,222,106,118,174,184,182,182,134,163,205,211,158,173,131,131,231,243,1
SH-Q4151,2022,DP02,Too many alleles,Too many alleles,130,139,204,204,106,124,172,174,172,192,134,156,211,223,176,177,131,145,243,246,1
SH-Q4154,2022,DP02,Too many alleles,Too many alleles,118,127,222,222,106,124,172,182,172,174,134,154,205,205,154,179,131,165,225,231,1
SH-Q4161,2022,DP02,Too many alleles,Too many alleles,127,130,204,224,106,106,174,184,172,182,134,134,211,223,154,173,131,143,231,243,1
SH-Q4164,2022,DP02,Too many alleles,Too many alleles,127,139,222,222,108,128,174,184,160,174,134,159,223,223,167,176,143,143,243,246,1
SH-Q4166,2022,DP02,Too many alleles,Too many alleles,139,139,220,222,116,124,174,182,174,186,134,134,205,211,158,176,143,165,228,231,1
SH-Q4175,2022,DP02,Too many alleles,Too many alleles,127,127,204,222,106,116,174,190,182,182,134,134,205,211,158,158,131,131,231,243,1
SH-Q4179,2022,DP02,Too many alleles,Too many alleles,124,124,222,222,106,124,182,182,172,214,154,154,211,223,154,175,131,157,231,249,1
SH-Q4181,2022,DP02,156,196,127,127,222,224,106,118,Too many alleles,Too many alleles,182,182,134,134,211,214,154,176,131,133,243,243,1
SH-Q4228,2022,DP03,Too many alleles,Too many alleles,118,118,222,224,124,124,172,176,174,200,134,134,205,205,154,154,131,163,225,231,1
SH-Q4368,2022,DP03,164,164,127,136,222,222,106,124,184,184,Too many alleles,Too many alleles,134,134,208,223,154,172,131,151,231,243,1
SH-Q4378,2022,DP04,156,196,127,127,222,224,118,118,Too many alleles,Too many alleles,182,182,134,152,211,214,154,154,131,143,243,243,1
SH-Q4385,2022,DP04,196,196,127,127,204,224,106,118,Too many alleles,Too many alleles,182,184,134,134,205,208,154,154,131,131,243,243,1
SH-Q4386,2022,DP04,Too many alleles,Too many alleles,127,139,222,222,116,124,174,174,160,172,134,150,205,223,154,159,131,143,243,246,1
SH-Q4455,2022,DP04,172,182,127,127,204,224,106,106,Too many alleles,Too many alleles,172,182,134,152,211,223,158,173,131,131,231,243,1
SH-Q4463,2022,DP05,164,166,127,130,222,224,118,118,Too many alleles,Too many alleles,182,202,134,152,211,214,154,154,131,133,231,243,1
SH-Q4464,2022,DP05,164,166,127,127,204,224,106,108,Too many alleles,Too many alleles,184,202,134,134,208,214,154,154,131,131,231,243,1
SH-Q4473,2022,DP05,164,174,136,136,204,222,106,124,174,184,182,184,134,134,205,208,154,167,Too many alleles,Too many alleles,243,243,1
SH-Q4549,2022,DP05,156,166,136,136,204,222,Too many alleles,Too many alleles,184,184,172,182,134,157,205,211,158,165,131,151,243,243,1
SH-Q4585,2022,DP06,194,196,127,127,204,224,106,118,Too many alleles,Too many alleles,182,206,134,134,205,214,154,154,131,151,231,243,1
SH-Q4595,2022,DP06,152,196,127,130,222,224,118,118,184,186,Too many alleles,Too many alleles,134,134,205,214,154,173,131,149,231,243,1
SH-Q4669,2022,DP07,172,196,127,127,204,224,106,108,Too many alleles,Too many alleles,182,206,134,134,208,211,154,158,131,131,231,243,1
SH-Q4701,2022,DP07,Too many alleles,Too many alleles,127,127,222,222,106,108,156,174,182,194,134,159,205,214,158,173,127,131,225,243,1
SH-Q3353,adult,DP01,164,196,127,127,204,224,106,108,Too many alleles,Too many alleles,184,206,134,134,205,208,154,154,131,151,231,243,1
SH-Q3426,adult,DP02,Too many alleles,Too many alleles,118,139,222,222,108,118,174,184,176,186,134,134,205,208,167,176,131,135,228,253,1
SH-Q3434,adult,DP02,Too many alleles,Too many alleles,118,139,220,222,118,124,174,182,172,192,134,156,205,211,152,167,145,153,231,246,1
SH-Q3444,adult,DP02,Too many alleles,Too many alleles,118,139,220,222,118,124,174,182,172,192,134,156,205,211,152,167,145,153,231,246,1
SH-Q3470,adult,DP02,Too many alleles,Too many alleles,118,139,220,222,118,124,174,182,172,192,134,156,205,211,152,167,145,153,231,246,1
SH-Q3492,adult,DP02,Too many alleles,Too many alleles,124,139,222,224,108,118,184,186,160,174,134,159,205,208,154,167,141,143,243,246,1
SH-Q3559,adult,DP03,156,178,139,139,220,222,116,118,182,184,Too many alleles,Too many alleles,134,156,208,223,154,167,131,143,231,246,1
SH-Q3563,adult,DP03,156,174,127,127,222,222,118,124,182,184,Too many alleles,Too many alleles,134,152,205,223,165,172,131,131,231,243,1
SH-Q3885,adult,DP07,182,192,127,130,222,224,106,124,174,182,172,174,148,154,205,211,Too many alleles,Too many alleles,131,165,225,243,1
SH-Q3952,adult,DP08,186,186,118,133,224,224,122,124,176,192,Too many alleles,Too many alleles,134,138,205,211,154,159,133,163,225,246,1
SH-Q4714,adult,DP07,Too many alleles,Too many alleles,136,136,222,222,106,128,184,184,172,194,165,175,205,208,158,158,131,141,225,240,1
SH-Q4762,adult,DP08,128,166,118,142,220,224,124,124,174,182,172,178,154,154,211,211,Too many alleles,Too many alleles,131,155,231,253,1
SH-Q4792,adult,DP08,164,190,118,136,222,222,106,106,180,184,172,172,144,144,223,223,Too many alleles,Too many alleles,149,155,231,231,1
SH-Q4800,adult,DP08,182,190,127,139,220,222,106,122,182,182,172,172,144,154,205,223,Too many alleles,Too many alleles,155,167,231,231,1
SH-Q4804,adult,DP08,182,190,127,139,220,222,106,122,180,182,172,172,144,154,205,223,Too many alleles,Too many alleles,131,147,231,231,1
SH-Q5565,adult,DP08,186,188,118,127,224,224,106,124,176,192,Too many alleles,Too many alleles,134,156,208,211,156,170,119,129,225,225,1
SH-Q4939,OP,DP10,164,166,127,139,222,224,106,108,Too many alleles,Too many alleles,172,182,134,152,211,214,154,161,131,153,243,243,1
SH-Q4949,OP,DP10,164,168,127,136,204,222,106,124,174,184,172,184,134,159,205,211,154,154,Too many alleles,Too many alleles,231,243,1
SH-Q4959,OP,DP10,166,172,127,127,204,224,118,118,Too many alleles,Too many alleles,182,182,134,163,211,214,154,158,131,131,231,243,1
SH-Q5000,OP,DP11,164,172,127,127,222,224,108,118,Too many alleles,Too many alleles,182,184,134,134,208,214,154,158,131,151,243,243,1
