Name,QUVA 03_284 (ALEXA) - 1,QUVA 03_284 (ALEXA) - 2,QUVA 07_187 (ALEXA) - 1,QUVA 07_187 (ALEXA) - 2,QUVA 02_127 - 1,QUVA 02_127 - 2,QUVA 03_250 - 1,QUVA 03_250 - 2,QUVA 02_876 (ALEXA) - 1,QUVA 02_876 (ALEXA) - 2,QUVA 02_774 (ALEXA) - 1,QUVA 02_774 (ALEXA) - 2
SH-Q5046_DP07,174,182,168,192,124,127,222,222,106,108,172,172
SH-Q5045_DP07,172,182,166,166,133,133,222,224,106,124,172,196
SH-Q5044_DP07,156,184,172,172,127,139,222,222,106,118,182,202
SH-Q5043_DP07,184,184,178,178,118,139,222,232,108,116,196,198
SH-Q5042_DP07,172,184,180,194,121,139,204,222,106,108,168,192
SH-Q5041_DP07,174,182,170,192,118,139,222,224,106,108,174,190
SH-Q4726_DP07,184,184,140,170,121,136,204,204,106,122,160,174
SH-Q4725_DP07,184,186,154,172,139,142,222,222,116,116,160,168
SH-Q4724_DP07,182,184,154,180,127,139,222,222,106,118,160,168
SH-Q4723_DP07,No peaks,No peaks,152,154,118,127,222,222,108,118,172,172
SH-Q4722_DP07,182,184,174,180,130,139,222,222,106,116,168,172
SH-Q4721_DP07,174,180,152,160,130,130,204,222,108,116,168,168
SH-Q4720_DP07,184,184,158,178,118,136,222,232,106,116,196,198
SH-Q4719_DP07,176,184,176,186,136,139,222,226,106,124,172,172
SH-Q4718_DP07,176,184,176,186,136,139,222,226,106,124,172,172
SH-Q4717_DP07,182,184,186,190,118,139,204,222,106,124,194,216
SH-Q4716_DP07,184,184,168,170,136,136,222,222,106,128,172,194
SH-Q4715_DP07,184,184,168,200,136,136,222,222,106,128,172,194
SH-Q4714_DP07,184,184,Too many alleles,Too many alleles,136,136,222,222,106,128,172,194
SH-Q4713_DP07,184,184,168,198,136,136,222,222,106,128,172,194
SH-Q4712_DP07,172,174,174,176,136,136,222,222,106,108,160,194
SH-Q4711_DP07,172,174,174,180,136,136,222,222,106,108,160,194
SH-Q4710_DP07,172,174,174,176,136,136,222,222,106,108,160,194
SH-Q4709_DP07,172,174,174,176,136,136,222,222,106,108,160,194
SH-Q4708_DP07,182,184,170,192,130,142,220,222,106,116,160,202
SH-Q4707_DP07,174,182,174,174,127,127,204,222,124,124,172,172
SH-Q4706_DP07,182,184,186,204,127,139,220,222,116,116,174,174
SH-Q4705_DP07,172,174,172,178,127,139,204,222,108,124,172,178
SH-Q4704_DP07,184,184,176,176,136,139,204,222,106,124,172,182
SH-Q4703_DP07,172,174,128,180,127,139,222,222,108,124,172,192
SH-Q4702_DP07,174,184,156,172,127,127,204,204,106,128,182,182
SH-Q4701_DP07,156,174,Too many alleles,Too many alleles,127,127,222,222,106,108,182,194
SH-Q4700_DP07,182,184,190,192,118,124,222,224,108,124,172,172
SH-Q4699_DP07,172,174,162,168,130,136,204,222,106,116,172,174
SH-Q4698_DP07,174,184,178,180,124,127,222,222,116,118,174,202
SH-Q4697_DP07,174,182,182,196,118,139,220,222,108,124,160,192
SH-Q4696_DP07,176,184,166,166,133,139,204,204,106,124,172,174
SH-Q4695_DP07,184,198,162,190,124,139,204,222,124,124,172,194
SH-Q4694_DP07,172,176,164,164,127,133,222,224,124,124,172,174
SH-Q4693_DP07,176,182,166,192,127,127,222,224,106,124,172,174
SH-Q4692_DP07,182,184,176,190,124,127,224,224,108,108,172,200
SH-Q4691_DP07,184,184,176,182,139,139,222,222,106,116,172,172
SH-Q4690_DP07,174,176,128,166,118,139,224,224,124,124,172,200
SH-Q4683_DP07,172,184,186,188,121,124,222,222,118,124,172,186
SH-Q4682_DP07,172,182,184,202,133,139,204,220,106,118,172,174
SH-Q4681_DP07,184,184,178,182,133,136,222,222,106,118,172,188
SH-Q4680_DP07,172,172,128,174,118,130,204,222,106,116,160,172
SH-Q4679_DP07,180,182,152,180,127,130,222,222,108,118,160,168
SH-Q4678_DP07,172,184,164,196,118,118,222,224,106,124,188,204
SH-Q4677_DP07,172,174,170,170,118,130,204,204,106,118,172,190
SH-Q4676_DP07,182,184,190,192,118,127,222,224,106,108,172,172
SH-Q4675_DP07,182,184,174,174,127,127,222,222,106,118,172,184
SH-Q4674_DP07,174,184,170,176,127,139,222,222,106,116,160,192
SH-Q4673_DP07,172,174,128,180,127,139,222,222,124,124,160,192
SH-Q4672_DP07,172,184,176,176,136,139,222,222,106,116,172,192
SH-Q4671_DP07,182,184,200,202,118,118,220,222,116,124,174,192
SH-Q4670_DP07,156,184,172,192,127,139,204,222,106,118,172,182
SH-Q4669_DP07,Too many alleles,Too many alleles,172,196,127,127,204,224,106,108,182,206
SH-Q4668_DP07,184,184,148,194,118,124,222,222,106,122,174,196
SH-Q4667_DP07,176,184,172,172,118,130,222,224,106,124,160,174
SH-Q4666_DP07,174,174,178,186,139,139,222,224,116,124,174,192
SH-Q4665_DP07,174,174,168,180,136,139,204,222,106,116,172,192
SH-Q4664_DP07,182,182,176,186,127,136,204,220,108,116,174,176
SH-Q4663_DP07,184,184,178,178,136,139,222,232,106,106,198,198
SH-Q4662_DP07,184,184,178,178,118,139,222,232,108,116,196,198
SH-Q4661_DP07,184,184,148,164,124,130,204,222,106,124,172,196
SH-Q4660_DP07,182,184,168,192,118,118,222,224,108,124,172,178
SH-Q4659_DP07,184,184,148,194,118,124,204,222,106,124,196,196
SH-Q4658_DP07,172,172,174,188,127,130,222,222,124,124,172,174
SH-Q4657_DP07,184,184,164,186,136,136,222,222,124,124,172,172
SH-Q4656_DP07,184,184,174,186,118,118,222,222,106,122,174,196
SH-Q4655_DP07,182,184,168,178,118,139,220,222,116,124,174,192
SH-Q4654_DP07,184,184,178,178,118,139,222,232,106,108,196,198
SH-Q4653_DP07,184,184,176,178,127,136,222,222,106,116,172,172
SH-Q4652_DP07,172,176,164,188,118,139,222,224,106,106,172,188
SH-Q4651_DP07,156,156,172,176,127,127,222,222,106,118,182,182
SH-Q4650_DP07,184,184,148,184,118,124,204,222,118,122,172,174
SH-Q4649_DP07,184,184,174,186,118,118,222,222,118,124,160,174
SH-Q4648_DP07,176,184,180,180,127,130,204,224,124,124,172,174
SH-Q4647_DP07,176,182,166,182,127,127,222,224,106,124,172,174
SH-Q4646_DP07,184,184,158,182,136,139,222,222,106,106,196,196
SH-Q4645_DP07,172,184,168,182,118,136,222,224,106,118,172,190
SH-Q4644_DP07,184,184,148,174,118,124,204,224,106,122,196,204
SH-Q4643_DP07,184,184,154,166,124,127,222,222,116,118,160,160
SH-Q4642_DP07,184,184,168,200,124,127,220,224,108,124,172,178
SH-Q4641_DP07,184,184,168,190,124,127,220,224,108,116,172,178
SH-Q4640_DP07,184,184,148,184,118,124,222,222,118,124,172,196
SH-Q4639_DP07,184,184,148,174,124,124,222,222,106,124,196,214
SH-Q4515_DP07,176,182,182,182,127,127,222,224,106,124,172,172
SH-Q4447_DP07,182,190,164,168,124,130,222,222,108,124,172,208
SH-Q4086_DP07,184,184,164,186,118,127,204,204,106,124,182,190
SH-Q4075_DP07,172,176,166,180,118,127,222,224,106,124,174,174
